"","School","PK","KG","X1ST","X2ND","X3RD","X4TH","X5TH","X6TH","X7TH","X8TH","X9TH","X10TH","X11TH","X12TH","YEAR"
"1","CHARLES W. DUVAL ELEM SCHOOL",NA,60,50,42,47,46,65,NA,NA,NA,NA,NA,NA,NA,2013
"2","J. J. FINLEY ELEMENTARY SCHOOL",NA,90,120,106,104,88,70,NA,NA,NA,NA,NA,NA,NA,2013
"3","STEPHEN FOSTER ELEMENTARY SCHL",NA,71,98,67,85,90,73,NA,NA,NA,NA,NA,NA,NA,2013
"4","A.QUINN JONES/EXCEP.STUD.CTR.",NA,NA,NA,NA,NA,NA,NA,10,NA,NA,NA,12,NA,NA,2013
"5","LAKE FOREST ELEMENTARY SCHOOL",NA,52,51,52,52,43,50,NA,NA,NA,NA,NA,NA,NA,2013
"6","SIDNEY LANIER CENTER",66,NA,NA,NA,NA,NA,NA,NA,NA,NA,NA,NA,NA,43,2013
"7","HOSPITAL HOMEBOUND",NA,NA,NA,NA,NA,NA,NA,NA,NA,NA,NA,NA,NA,NA,2013
"8","LITTLEWOOD ELEMENTARY SCHOOL",16,113,115,104,103,84,85,NA,NA,NA,NA,NA,NA,NA,2013
"9","W. A. METCALFE ELEMENTARY SCHO",87,60,57,59,51,44,40,NA,NA,NA,NA,NA,NA,NA,2013
"10","JOSEPH WILLIAMS ELEM. SCHOOL",NA,80,77,103,101,94,111,NA,NA,NA,NA,NA,NA,NA,2013
"11","ABRAHAM LINCOLN MIDDLE SCHOOL",NA,NA,NA,NA,NA,NA,NA,216,237,216,NA,NA,NA,NA,2013
"12","HOWARD W. BISHOP MIDDLE SCHOOL",NA,NA,NA,NA,NA,NA,NA,240,237,210,NA,NA,NA,NA,2013
"13","WESTWOOD MIDDLE SCHOOL",NA,NA,NA,NA,NA,NA,NA,312,339,332,NA,NA,NA,NA,2013
"14","GAINESVILLE HIGH SCHOOL",NA,NA,NA,NA,NA,NA,NA,NA,NA,NA,437,473,383,422,2013
"15","ALACHUA ELEMENTARY SCHOOL",NA,NA,NA,NA,123,116,126,NA,NA,NA,NA,NA,NA,NA,2013
"16","ARCHER ELEMENTARY",19,52,80,57,71,98,77,NA,NA,NA,NA,NA,NA,NA,2013
"17","HAWTHORNE MIDDLE/HIGH SCHOOL",NA,NA,NA,NA,NA,NA,NA,40,42,25,10,24,18,16,2013
"18","A. L. MEBANE MIDDLE SCHOOL",NA,NA,NA,NA,NA,NA,NA,115,120,120,NA,NA,NA,NA,2013
"19","NEWBERRY HIGH SCHOOL",NA,NA,NA,NA,NA,NA,NA,NA,NA,NA,117,127,115,119,2013
"20","SANTA FE HIGH SCHOOL",NA,NA,NA,NA,NA,NA,NA,NA,NA,NA,208,243,271,215,2013
"21","CHESTER SHELL ELEMENTARY SCHL",17,32,39,23,34,26,24,NA,NA,NA,NA,NA,NA,NA,2013
"22","WALDO COMMUNITY SCHOOL",19,42,43,31,26,34,26,NA,NA,NA,NA,NA,NA,NA,2013
"23","MYRA TERWILLIGER ELEM. SCHOOL",90,126,121,98,97,76,69,NA,NA,NA,NA,NA,NA,NA,2013
"24","IDYLWILD ELEMENTARY SCHOOL",NA,145,137,109,120,89,82,NA,NA,NA,NA,NA,NA,NA,2013
"25","GLEN SPRINGS ELEMENTARY SCHOOL",NA,83,96,83,70,74,68,NA,NA,NA,NA,NA,NA,NA,2013
"26","MARJORIE KINNAN RAWLINGS ELEM",91,59,58,49,55,35,40,NA,NA,NA,NA,NA,NA,NA,2013
"27","CHARACTER COUNTS CENTER",NA,NA,NA,NA,NA,NA,NA,NA,NA,NA,NA,NA,NA,NA,2013
"28","PROFESSIONAL ACADEMY MAGNET AT",12,NA,NA,NA,NA,NA,NA,NA,NA,NA,64,48,43,49,2013
"29","HORIZON CTR. ALTERNATIVE SCHL",NA,NA,NA,NA,NA,NA,NA,NA,16,29,15,14,NA,NA,2013
"30","EASTSIDE HIGH SCHOOL",NA,NA,NA,NA,NA,NA,NA,NA,NA,NA,400,303,274,284,2013
"31","F. W. BUCHHOLZ HIGH SCHOOL",NA,NA,NA,NA,NA,NA,NA,NA,NA,NA,543,506,491,475,2013
"32","HIGH SPRINGS COMMUNITY SCHOOL",17,82,82,86,97,86,94,111,103,112,NA,NA,NA,NA,2013
"33","FORT CLARKE MIDDLE SCHOOL",NA,NA,NA,NA,NA,NA,NA,261,258,317,NA,NA,NA,NA,2013
"34","HIDDEN OAK ELEMENTARY SCHOOL",17,111,125,105,142,111,115,NA,NA,NA,NA,NA,NA,NA,2013
"35","FEARNSIDE FAMILY SERVICES CENT",62,NA,NA,NA,NA,NA,NA,NA,NA,NA,NA,NA,NA,NA,2013
"36","PRAIRIE VIEW ACADEMY",48,NA,NA,NA,NA,NA,NA,NA,NA,NA,NA,NA,NA,NA,2013
"37","KIMBALL WILES ELEM. SCHOOL",NA,168,137,130,125,126,119,NA,NA,NA,NA,NA,NA,NA,2013
"38","KANAPAHA MIDDLE SCHOOL",NA,NA,NA,NA,NA,NA,NA,299,347,318,NA,NA,NA,NA,2013
"39","WILES HEAD START",85,NA,NA,NA,NA,NA,NA,NA,NA,NA,NA,NA,NA,NA,2013
"40","LAWTON M. CHILES ELEM. SCHOOL",NA,130,121,125,102,101,108,NA,NA,NA,NA,NA,NA,NA,2013
"41","MEADOWBROOK ELEMENTARY SCHOOL",13,132,135,104,120,96,110,NA,NA,NA,NA,NA,NA,NA,2013
"42","NEWBERRY ELEMENTARY SCHOOL",30,106,99,101,107,78,NA,NA,NA,NA,NA,NA,NA,NA,2013
"43","C. W. NORTON ELEMENTARY SCHOOL",15,136,126,120,111,97,70,NA,NA,NA,NA,NA,NA,NA,2013
"44","WILLIAM S. TALBOT ELEM SCHOOL",12,129,108,110,138,101,109,NA,NA,NA,NA,NA,NA,NA,2013
"45","W. W. IRBY ELEMENTARY SCHOOL",64,146,163,133,NA,NA,NA,NA,NA,NA,NA,NA,NA,NA,2013
"46","OAK VIEW MIDDLE SCHOOL",NA,NA,NA,NA,NA,NA,90,202,201,194,NA,NA,NA,NA,2013
"47","ALACHUA ACADEMY",NA,NA,NA,NA,NA,NA,NA,NA,NA,NA,10,NA,NA,NA,2013
"48","AMIKIDS",NA,NA,NA,NA,NA,NA,NA,NA,NA,11,15,NA,NA,NA,2013
"49","PACE",NA,NA,NA,NA,NA,NA,NA,NA,NA,NA,NA,NA,NA,NA,2013
"50","THE ONE ROOM SCHOOL HOUSE PROJ",22,53,48,34,25,19,16,NA,NA,NA,NA,NA,NA,NA,2013
"51","MICANOPY AREA COOPERATIVE SCHO",20,24,24,18,20,22,18,NA,NA,NA,NA,NA,NA,NA,2013
"52","CARING & SHARING LEARNING SCHO",NA,25,16,19,22,21,22,11,NA,NA,NA,NA,NA,NA,2013
"53","EINSTEIN MONTESSORI SCHOOL",NA,NA,NA,NA,11,16,21,19,13,13,NA,NA,NA,NA,2013
"54","EXPRESSIONS LEARNING ARTS ACAD",NA,19,14,14,15,12,18,NA,NA,NA,NA,NA,NA,NA,2013
"55","ALACHUA LEARNING CENTER, INC.",NA,18,20,17,13,22,22,NA,NA,NA,NA,NA,NA,NA,2013
"56","GENESIS PREPARATORY SCHOOL",NA,17,17,19,16,NA,NA,NA,NA,NA,NA,NA,NA,NA,2013
"57","MICANOPY MIDDLE SCHOOL, INC.",NA,NA,NA,NA,NA,NA,NA,23,NA,25,NA,NA,NA,NA,2013
"58","HOGGETOWNE MIDDLE SCHOOL",NA,NA,NA,NA,NA,NA,NA,38,35,40,NA,NA,NA,NA,2013
"59","HEALTHY LEARNING ACADEMY CHART",NA,18,17,17,12,16,NA,NA,NA,NA,NA,NA,NA,NA,2013
"60","SIATECH GAINESVILLE",NA,NA,NA,NA,NA,NA,NA,NA,NA,NA,NA,19,18,69,2013
"61","MYCROSCHOOL GAINESVILLE",NA,NA,NA,NA,NA,NA,NA,NA,NA,NA,13,27,81,159,2013
"62","ONE ROOM MIDDLE SCHOOL",NA,NA,NA,NA,NA,NA,NA,11,14,16,NA,NA,NA,NA,2013
"63","ALACHUA LEARNING CENTER , INC.",NA,NA,NA,NA,NA,NA,NA,16,22,18,NA,NA,NA,NA,2013
"64","ALACHUA ESCHOOL (VIRTUAL FRANC",NA,NA,NA,NA,NA,NA,NA,NA,25,71,226,264,182,99,2013
"65","ALACHUA VIRTUAL INSTRUC PROG(D",NA,NA,10,NA,NA,NA,NA,NA,NA,NA,NA,NA,NA,NA,2013
"66","ALACHUA REGIONAL JUVENILE DETE",NA,NA,NA,NA,NA,NA,NA,NA,NA,13,NA,NA,NA,NA,2013
"67","CHARLES W. DUVAL ELEM SCHOOL",NA,56,52,37,57,58,50,NA,NA,NA,NA,NA,NA,NA,2012
"68","J. J. FINLEY ELEMENTARY SCHOOL",NA,127,102,95,83,69,72,NA,NA,NA,NA,NA,NA,NA,2012
"69","STEPHEN FOSTER ELEMENTARY SCHL",NA,90,64,63,80,83,79,NA,NA,NA,NA,NA,NA,NA,2012
"70","A.QUINN JONES/EXCEP.STUD.CTR.",NA,NA,NA,NA,NA,NA,14,NA,NA,10,NA,NA,NA,NA,2012
"71","LAKE FOREST ELEMENTARY SCHOOL",NA,51,62,49,54,46,49,NA,NA,NA,NA,NA,NA,NA,2012
"72","SIDNEY LANIER CENTER",54,NA,NA,NA,NA,NA,NA,NA,NA,NA,NA,NA,NA,44,2012
"73","HOSPITAL HOMEBOUND",NA,NA,NA,NA,NA,NA,NA,NA,NA,NA,NA,NA,NA,NA,2012
"74","LITTLEWOOD ELEMENTARY SCHOOL",21,105,100,110,87,71,105,NA,NA,NA,NA,NA,NA,NA,2012
"75","W. A. METCALFE ELEMENTARY SCHO",99,45,63,41,51,39,47,NA,NA,NA,NA,NA,NA,NA,2012
"76","JOSEPH WILLIAMS ELEM. SCHOOL",NA,79,76,96,100,115,106,NA,NA,NA,NA,NA,NA,NA,2012
"77","ABRAHAM LINCOLN MIDDLE SCHOOL",NA,NA,NA,NA,NA,NA,NA,238,220,236,NA,NA,NA,NA,2012
"78","HOWARD W. BISHOP MIDDLE SCHOOL",NA,NA,NA,NA,NA,NA,NA,236,213,236,NA,NA,NA,NA,2012
"79","WESTWOOD MIDDLE SCHOOL",NA,NA,NA,NA,NA,NA,NA,336,327,335,NA,NA,NA,NA,2012
"80","GAINESVILLE HIGH SCHOOL",NA,NA,NA,NA,NA,NA,NA,NA,NA,NA,540,478,473,436,2012
"81","ALACHUA ELEMENTARY SCHOOL",NA,NA,NA,NA,129,126,122,NA,NA,NA,NA,NA,NA,NA,2012
"82","ARCHER ELEMENTARY",18,75,61,75,101,77,77,NA,NA,NA,NA,NA,NA,NA,2012
"83","HAWTHORNE MIDDLE/HIGH SCHOOL",NA,NA,NA,NA,NA,NA,NA,47,43,38,47,55,36,45,2012
"84","A. L. MEBANE MIDDLE SCHOOL",NA,NA,NA,NA,NA,NA,NA,126,122,140,NA,NA,NA,NA,2012
"85","NEWBERRY HIGH SCHOOL",NA,NA,NA,NA,NA,NA,NA,NA,NA,NA,160,170,150,107,2012
"86","SANTA FE HIGH SCHOOL",NA,NA,NA,NA,NA,NA,NA,NA,NA,NA,271,280,263,255,2012
"87","CHESTER SHELL ELEMENTARY SCHL",18,33,25,38,26,27,33,NA,NA,NA,NA,NA,NA,NA,2012
"88","WALDO COMMUNITY SCHOOL",17,48,33,30,36,25,27,NA,NA,NA,NA,NA,NA,NA,2012
"89","MYRA TERWILLIGER ELEM. SCHOOL",100,133,116,95,91,73,84,NA,NA,NA,NA,NA,NA,NA,2012
"90","IDYLWILD ELEMENTARY SCHOOL",NA,149,102,121,96,79,97,NA,NA,NA,NA,NA,NA,NA,2012
"91","GLEN SPRINGS ELEMENTARY SCHOOL",NA,96,84,58,66,69,64,NA,NA,NA,NA,NA,NA,NA,2012
"92","MARJORIE KINNAN RAWLINGS ELEM",87,52,47,49,52,47,43,NA,NA,NA,NA,NA,NA,NA,2012
"93","CHARACTER COUNTS CENTER",NA,NA,NA,NA,NA,11,NA,NA,NA,NA,NA,NA,NA,NA,2012
"94","PROFESSIONAL ACADEMY MAGNET AT",16,NA,NA,NA,NA,NA,NA,NA,NA,NA,56,53,55,48,2012
"95","HORIZON CTR. ALTERNATIVE SCHL",NA,NA,NA,NA,NA,NA,NA,NA,19,39,19,16,NA,NA,2012
"96","EASTSIDE HIGH SCHOOL",NA,NA,NA,NA,NA,NA,NA,NA,NA,NA,362,328,325,299,2012
"97","F. W. BUCHHOLZ HIGH SCHOOL",NA,NA,NA,NA,NA,NA,NA,NA,NA,NA,572,552,524,521,2012
"98","HIGH SPRINGS COMMUNITY SCHOOL",14,75,85,89,77,91,100,94,101,111,NA,NA,NA,NA,2012
"99","FORT CLARKE MIDDLE SCHOOL",NA,NA,NA,NA,NA,NA,NA,261,305,263,NA,NA,NA,NA,2012
"100","HIDDEN OAK ELEMENTARY SCHOOL",20,111,116,125,122,109,110,NA,NA,NA,NA,NA,NA,NA,2012
"101","FEARNSIDE FAMILY SERVICES CENT",60,NA,NA,NA,NA,NA,NA,NA,NA,NA,NA,NA,NA,NA,2012
"102","PRAIRIE VIEW ACADEMY",87,NA,NA,NA,NA,NA,NA,NA,NA,NA,NA,NA,NA,NA,2012
"103","KIMBALL WILES ELEM. SCHOOL",NA,136,135,131,125,110,90,NA,NA,NA,NA,NA,NA,NA,2012
"104","KANAPAHA MIDDLE SCHOOL",NA,NA,NA,NA,NA,NA,NA,336,316,319,NA,NA,NA,NA,2012
"105","WILES HEAD START",68,NA,NA,NA,NA,NA,NA,NA,NA,NA,NA,NA,NA,NA,2012
"106","LAWTON M. CHILES ELEM. SCHOOL",NA,119,119,90,106,96,91,NA,NA,NA,NA,NA,NA,NA,2012
"107","MEADOWBROOK ELEMENTARY SCHOOL",12,112,101,98,93,103,62,NA,NA,NA,NA,NA,NA,NA,2012
"108","NEWBERRY ELEMENTARY SCHOOL",29,98,102,97,80,87,NA,NA,NA,NA,NA,NA,NA,NA,2012
"109","C. W. NORTON ELEMENTARY SCHOOL",10,108,115,103,102,73,87,NA,NA,NA,NA,NA,NA,NA,2012
"110","WILLIAM S. TALBOT ELEM SCHOOL",11,103,110,145,111,104,102,NA,NA,NA,NA,NA,NA,NA,2012
"111","W. W. IRBY ELEMENTARY SCHOOL",62,154,145,132,NA,NA,NA,NA,NA,NA,NA,NA,NA,NA,2012
"112","OAK VIEW MIDDLE SCHOOL",NA,NA,NA,NA,NA,NA,94,205,199,160,NA,NA,NA,NA,2012
"113","NORTH AMERICAN FAMILY INSTITUT",NA,NA,NA,NA,NA,NA,NA,NA,NA,NA,NA,NA,NA,NA,2012
"114","GAINESVILLE WILDERNESS INSTITU",NA,NA,NA,NA,NA,NA,NA,NA,NA,NA,10,NA,NA,NA,2012
"115","PACE",NA,NA,NA,NA,NA,NA,NA,NA,NA,14,NA,NA,NA,NA,2012
"116","ALACHUA COUNTY JAIL",NA,NA,NA,NA,NA,NA,NA,NA,NA,NA,NA,NA,NA,NA,2012
"117","THE ONE ROOM SCHOOL HOUSE PROJ",NA,51,39,31,18,18,17,NA,NA,NA,NA,NA,NA,NA,2012
"118","MICANOPY AREA COOPERATIVE SCHO",NA,20,20,21,24,17,16,NA,NA,NA,NA,NA,NA,NA,2012
"119","CARING & SHARING LEARNING SCHO",NA,20,17,17,24,21,18,16,NA,NA,NA,NA,NA,NA,2012
"120","EINSTEIN MONTESSORI SCHOOL",NA,NA,NA,NA,18,22,17,16,19,16,NA,NA,NA,NA,2012
"121","EXPRESSIONS LEARNING ARTS ACAD",NA,14,15,14,14,21,11,NA,NA,NA,NA,NA,NA,NA,2012
"122","ALACHUA LEARNING CENTER, INC.",NA,18,18,14,18,22,14,NA,NA,NA,NA,NA,NA,NA,2012
"123","GENESIS PREPARATORY SCHOOL",NA,16,20,18,16,NA,NA,NA,NA,NA,NA,NA,NA,NA,2012
"124","MICANOPY MIDDLE SCHOOL, INC.",NA,NA,NA,NA,NA,NA,NA,17,25,17,10,NA,NA,NA,2012
"125","HOGGETOWNE MIDDLE SCHOOL",NA,NA,NA,NA,NA,NA,NA,21,46,37,NA,NA,NA,NA,2012
"126","HEALTHY LEARNING ACADEMY CHART",NA,18,18,13,18,NA,10,NA,NA,NA,NA,NA,NA,NA,2012
"127","SIATECH GAINESVILLE",NA,NA,NA,NA,NA,NA,NA,NA,NA,NA,26,23,69,98,2012
"128","SWEETWATER BRANCH ACADEMY",NA,NA,NA,NA,NA,NA,NA,17,28,25,NA,NA,NA,NA,2012
"129","SWEETWATER BRANCH ACADEMY ELEM",NA,22,22,19,21,22,14,NA,NA,NA,NA,NA,NA,NA,2012
"130","MYCROSCHOOL GAINESVILLE",NA,NA,NA,NA,NA,NA,NA,NA,NA,NA,NA,23,86,190,2012
"131","ONE ROOM MIDDLE SCHOOL",NA,NA,NA,NA,NA,NA,NA,20,17,NA,NA,NA,NA,NA,2012
"132","ALACHUA LEARNING CENTER , INC.",NA,NA,NA,NA,NA,NA,NA,21,18,22,NA,NA,NA,NA,2012
"133","ALACHUA VIRTUAL INSTRUCTION PR",NA,NA,NA,NA,NA,NA,NA,NA,NA,NA,NA,NA,NA,NA,2012
"134","N. FLORIDA JUVENILE DETENTION",NA,NA,NA,NA,NA,NA,NA,NA,NA,NA,NA,11,NA,NA,2012
"135","CHARLES W. DUVAL ELEM SCHOOL",0,44,36,53,57,58,42,0,0,0,0,0,0,0,2011
"136","J. J. FINLEY ELEMENTARY SCHOOL",0,93,94,76,54,65,83,0,0,0,0,0,0,0,2011
"137","STEPHEN FOSTER ELEMENTARY SCHL",0,78,75,59,83,71,89,0,0,0,0,0,0,0,2011
"138","A.QUINN JONES/EXCEP.STUD.CTR.",0,1,2,2,5,11,4,5,8,9,3,7,1,5,2011
"139","LAKE FOREST ELEMENTARY SCHOOL",8,48,64,54,60,59,60,0,0,0,0,0,0,0,2011
"140","SIDNEY LANIER CENTER",24,2,1,2,1,2,2,5,3,6,3,10,3,44,2011
"141","HOSPITAL HOMEBOUND",1,2,1,3,1,3,3,0,0,0,1,0,1,2,2011
"142","LITTLEWOOD ELEMENTARY SCHOOL",22,121,143,113,87,118,105,0,0,0,0,0,0,0,2011
"143","W. A. METCALFE ELEMENTARY SCHO",126,83,51,60,50,54,48,0,0,0,0,0,0,0,2011
"144","JOSEPH WILLIAMS ELEM. SCHOOL",0,60,58,92,104,79,101,0,0,0,0,0,0,0,2011
"145","ABRAHAM LINCOLN MIDDLE SCHOOL",0,0,0,0,0,0,0,217,243,222,0,0,0,0,2011
"146","HOWARD W. BISHOP MIDDLE SCHOOL",0,0,0,0,0,0,0,227,227,221,0,0,0,0,2011
"147","WESTWOOD MIDDLE SCHOOL",0,0,0,0,0,0,0,356,334,339,0,0,0,0,2011
"148","GAINESVILLE HIGH SCHOOL",0,0,0,0,0,0,0,0,0,0,505,492,450,386,2011
"149","ALACHUA ELEMENTARY SCHOOL",0,0,0,0,154,136,138,0,0,0,0,0,0,0,2011
"150","ARCHER ELEMENTARY",17,52,70,90,74,76,81,0,0,0,0,0,0,0,2011
"151","HAWTHORNE MIDDLE/HIGH SCHOOL",0,0,0,0,0,0,0,51,42,52,46,34,48,37,2011
"152","A. L. MEBANE MIDDLE SCHOOL",0,0,0,0,0,0,0,132,149,141,0,0,0,0,2011
"153","NEWBERRY HIGH SCHOOL",0,0,0,0,0,0,0,0,0,0,186,157,138,113,2011
"154","SANTA FE HIGH SCHOOL",0,0,0,0,0,0,0,0,0,0,288,287,261,269,2011
"155","CHESTER SHELL ELEMENTARY SCHL",18,33,36,26,24,35,31,0,0,0,0,0,0,0,2011
"156","WALDO COMMUNITY SCHOOL",18,35,37,27,29,33,36,0,0,0,0,0,0,0,2011
"157","MYRA TERWILLIGER ELEM. SCHOOL",107,110,122,103,79,82,81,0,0,0,0,0,0,0,2011
"158","IDYLWILD ELEMENTARY SCHOOL",0,119,115,94,87,90,92,0,0,0,0,0,0,0,2011
"159","GLEN SPRINGS ELEMENTARY SCHOOL",0,85,70,72,72,62,73,0,0,0,0,0,0,0,2011
"160","MARJORIE KINNAN RAWLINGS ELEM",87,37,60,52,48,44,37,0,0,0,0,0,0,0,2011
"161","CHARACTER COUNTS CENTER",0,2,7,8,7,4,3,1,0,0,0,0,0,0,2011
"162","PROFESSIONAL ACADEMY MAGNET AT",21,0,0,0,0,0,0,0,0,3,63,62,59,42,2011
"163","HORIZON CTR. ALTERNATIVE SCHL",0,0,0,0,0,0,0,6,23,24,14,12,5,4,2011
"164","EASTSIDE HIGH SCHOOL",0,0,0,0,0,0,0,0,0,0,334,333,323,334,2011
"165","F. W. BUCHHOLZ HIGH SCHOOL",0,0,0,0,0,0,0,0,0,0,530,541,511,497,2011
"166","HIGH SPRINGS COMMUNITY SCHOOL",19,79,96,68,93,96,93,99,113,96,0,0,0,0,2011
"167","FORT CLARKE MIDDLE SCHOOL",0,0,0,0,0,0,0,291,279,308,0,0,0,0,2011
"168","HIDDEN OAK ELEMENTARY SCHOOL",10,131,148,154,135,140,135,0,0,0,0,0,0,0,2011
"169","FEARNSIDE FAMILY SERVICES CENT",61,0,0,0,0,0,0,0,0,0,0,0,0,0,2011
"170","PRAIRIE VIEW ACADEMY",84,0,0,0,0,0,0,0,0,0,0,0,0,0,2011
"171","KIMBALL WILES ELEM. SCHOOL",3,144,134,134,128,88,117,0,0,0,0,0,0,0,2011
"172","KANAPAHA MIDDLE SCHOOL",0,0,0,0,0,0,0,293,308,317,0,0,0,0,2011
"173","WILES HEAD START",57,0,0,0,0,0,0,0,0,0,0,0,0,0,2011
"174","LAWTON M. CHILES ELEM. SCHOOL",2,133,123,129,123,105,116,0,0,0,0,0,0,0,2011
"175","NEWBERRY ELEMENTARY SCHOOL",27,90,111,95,94,93,0,0,0,0,0,0,0,0,2011
"176","C. W. NORTON ELEMENTARY SCHOOL",5,127,110,97,85,93,96,0,0,0,0,0,0,0,2011
"177","WILLIAM S. TALBOT ELEM SCHOOL",19,105,137,102,129,103,117,0,0,0,0,0,0,0,2011
"178","W. W. IRBY ELEMENTARY SCHOOL",61,157,152,148,0,0,0,0,0,0,0,0,0,0,2011
"179","OAK VIEW MIDDLE SCHOOL",0,0,0,0,0,0,96,195,167,177,0,0,0,0,2011
"180","NORTH AMERICAN FAMILY INSTITUT",0,0,0,0,0,0,0,0,0,3,5,6,4,4,2011
"181","GAINESVILLE WILDERNESS INSTITU",0,0,0,0,0,0,0,0,3,6,12,12,4,1,2011
"182","PACE",0,0,0,0,0,0,0,2,5,8,6,5,8,5,2011
"183","ALACHUA COUNTY JAIL",0,0,0,0,0,0,0,0,0,0,3,1,3,1,2011
"184","THE ONE ROOM SCHOOL HOUSE PROJ",0,36,33,18,18,19,18,0,0,0,0,0,0,0,2011
"185","MICANOPY AREA COOPERATIVE SCHO",0,22,21,29,18,18,16,0,0,0,0,0,0,0,2011
"186","CARING & SHARING LEARNING SCH",0,20,21,24,24,26,23,20,0,0,0,0,0,0,2011
"187","EINSTEIN MONTESSORI SCHOOL",0,0,0,7,18,15,17,17,18,14,0,0,0,0,2011
"188","EXPRESSIONS LEARNING ARTS ACAD",0,14,14,14,23,10,13,0,0,0,0,0,0,0,2011
"189","ALACHUA LEARNING CENTER, INC.",0,18,18,18,18,19,21,0,0,0,0,0,0,0,2011
"190","GENESIS PREPARATORY SCHOOL",0,19,18,13,17,0,0,0,0,0,0,0,0,0,2011
"191","MICANOPY MIDDLE SCHOOL, INC.",0,0,0,0,0,0,0,21,19,16,7,0,0,0,2011
"192","HOGGETOWNE MIDDLE SCHOOL",0,0,0,0,0,0,0,38,38,35,0,0,0,0,2011
"193","HEALTHY LEARNING ACADEMY CHART",0,18,18,18,7,9,0,0,0,0,0,0,0,0,2011
"194","SIATECH GAINESVILLE",0,0,0,0,0,0,0,0,0,0,27,24,82,82,2011
"195","SWEETWATER BRANCH ACADEMY",0,0,0,0,0,0,0,35,35,32,5,12,0,0,2011
"196","SWEETWATER BRANCH ACADEMY ELEM",0,35,35,22,34,20,23,0,0,0,0,0,0,0,2011
"197","MYCROSCHOOL GAINESVILLE",0,0,0,0,0,0,0,0,0,0,7,23,82,150,2011
"198","ONE ROOM MIDDLE SCHOOL",0,0,0,0,0,0,0,19,0,0,0,0,0,0,2011
"199","ALACHUA LEARNING CENTER , INC.",0,0,0,0,0,0,0,15,20,23,0,0,0,0,2011
"200","N. FLORIDA JUVENILE DETENTION",0,0,0,0,0,0,0,0,1,10,10,7,6,3,2011
"201","CHARLES W. DUVAL ELEM SCHOOL",0,35,67,60,61,39,58,0,0,0,0,0,0,0,2010
"202","J. J. FINLEY ELEMENTARY SCHOOL",1,99,85,57,72,73,72,0,0,0,0,0,0,0,2010
"203","STEPHEN FOSTER ELEMENTARY SCHL",0,70,64,57,71,89,113,0,0,0,0,0,0,0,2010
"204","A.QUINN JONES/EXCEP.STUD.CTR.",0,0,1,5,4,3,5,6,8,8,7,6,8,6,2010
"205","LAKE FOREST ELEMENTARY SCHOOL",11,65,64,47,80,55,57,0,0,0,0,0,0,0,2010
"206","SIDNEY LANIER CENTER",15,0,2,0,2,2,4,3,7,2,12,4,3,48,2010
"207","HOSPITAL HOMEBOUND",2,2,3,1,2,4,1,1,0,5,0,0,2,4,2010
"208","LITTLEWOOD ELEMENTARY SCHOOL",20,127,103,85,120,108,106,0,0,0,0,0,0,0,2010
"209","W. A. METCALFE ELEMENTARY SCHO",124,66,62,57,64,37,41,0,0,0,0,0,0,0,2010
"210","JOSEPH WILLIAMS ELEM. SCHOOL",0,59,78,107,95,108,96,0,0,0,0,0,0,0,2010
"211","ABRAHAM LINCOLN MIDDLE SCHOOL",0,0,0,0,0,0,0,258,220,246,0,0,0,0,2010
"212","HOWARD W. BISHOP MIDDLE SCHOOL",0,0,0,0,0,0,0,245,247,234,0,0,0,0,2010
"213","WESTWOOD MIDDLE SCHOOL",0,0,0,0,0,0,0,352,328,314,0,0,0,0,2010
"214","GAINESVILLE HIGH SCHOOL",0,0,0,0,0,0,0,0,0,0,514,494,450,413,2010
"215","ALACHUA ELEMENTARY SCHOOL",0,0,0,0,146,138,141,0,0,0,0,0,0,0,2010
"216","ARCHER ELEMENTARY",16,70,80,68,73,85,77,0,0,0,0,0,0,0,2010
"217","HAWTHORNE MIDDLE/HIGH SCHOOL",0,0,0,0,0,0,0,41,60,47,43,63,44,58,2010
"218","A. L. MEBANE MIDDLE SCHOOL",0,0,0,0,0,0,0,144,145,146,0,0,0,0,2010
"219","NEWBERRY HIGH SCHOOL",0,0,0,0,0,0,0,0,0,0,167,152,136,120,2010
"220","SANTA FE HIGH SCHOOL",0,0,0,0,0,0,0,0,0,0,286,279,294,261,2010
"221","CHESTER SHELL ELEMENTARY SCHL",13,37,34,24,29,32,26,0,0,0,0,0,0,0,2010
"222","WALDO COMMUNITY SCHOOL",17,25,29,29,32,36,29,0,0,0,0,0,0,0,2010
"223","MYRA TERWILLIGER ELEM. SCHOOL",96,117,106,88,82,81,79,0,0,0,0,0,0,0,2010
"224","IDYLWILD ELEMENTARY SCHOOL",0,147,120,96,109,95,85,0,0,0,0,0,0,0,2010
"225","GLEN SPRINGS ELEMENTARY SCHOOL",0,69,73,66,72,75,57,0,0,0,0,0,0,0,2010
"226","MARJORIE KINNAN RAWLINGS ELEM",87,55,62,42,47,47,47,0,0,0,0,0,0,0,2010
"227","CHARACTER COUNTS CENTER",0,2,7,6,7,1,3,2,0,0,0,0,0,0,2010
"228","PROFESSIONAL ACADEMY MAGNET AT",13,0,0,0,0,0,0,0,3,3,76,64,47,56,2010
"229","HORIZON CTR. ALTERNATIVE SCHL",0,0,0,0,0,0,0,7,10,13,17,18,9,7,2010
"230","EASTSIDE HIGH SCHOOL",0,0,0,0,0,0,0,0,0,0,381,377,350,315,2010
"231","F. W. BUCHHOLZ HIGH SCHOOL",0,0,0,0,0,0,0,0,0,0,542,526,531,575,2010
"232","HIGH SPRINGS COMMUNITY SCHOOL",19,90,0,0,180,180,98,110,87,96,0,0,0,0,2010
"233","FORT CLARKE MIDDLE SCHOOL",0,0,0,0,0,0,0,268,286,271,0,0,0,0,2010
"234","HIDDEN OAK ELEMENTARY SCHOOL",14,144,152,126,143,123,151,0,0,0,0,0,0,0,2010
"235","FEARNSIDE FAMILY SERVICES CENT",64,0,0,0,0,0,0,0,0,0,0,0,0,0,2010
"236","PRAIRIE VIEW ACADEMY",83,0,0,0,0,0,0,0,0,0,0,0,0,0,2010
"237","KIMBALL WILES ELEM. SCHOOL",3,127,131,130,93,117,92,0,0,0,0,0,0,0,2010
"238","KANAPAHA MIDDLE SCHOOL",0,0,0,0,0,0,0,296,303,304,0,0,0,0,2010
"239","WILES HEAD START",65,0,0,0,0,0,0,0,0,0,0,0,0,0,2010
"240","LAWTON M. CHILES ELEM. SCHOOL",0,120,131,113,107,122,122,0,0,0,0,0,0,0,2010
"241","NEWBERRY ELEMENTARY SCHOOL",27,116,98,90,103,103,0,0,0,0,0,0,0,0,2010
"242","C. W. NORTON ELEMENTARY SCHOOL",8,116,102,91,112,104,112,0,0,0,0,0,0,0,2010
"243","WILLIAM S. TALBOT ELEM SCHOOL",12,133,101,123,112,120,106,0,0,0,0,0,0,0,2010
"244","W. W. IRBY ELEMENTARY SCHOOL",60,158,159,155,0,0,0,0,0,0,0,0,0,0,2010
"245","OAK VIEW MIDDLE SCHOOL",0,0,0,0,0,0,109,186,190,148,0,0,0,0,2010
"246","NORTH AMERICAN FAMILY INSTITUT",0,0,0,0,0,0,0,0,3,6,8,3,0,1,2010
"247","GAINESVILLE WILDERNESS INSTITU",0,0,0,0,0,0,0,0,0,6,10,3,6,5,2010
"248","PACE",0,0,0,0,0,0,0,0,3,7,7,8,13,1,2010
"249","THE ONE ROOM SCHOOL HOUSE PROJ",0,32,16,16,19,18,22,0,0,0,0,0,0,0,2010
"250","MICANOPY AREA COOPERATIVE SCHO",0,18,30,18,15,13,22,0,0,0,0,0,0,0,2010
"251","CARING & SHARING LEARNING SCH",0,19,21,21,20,21,22,0,0,0,0,0,0,0,2010
"252","EINSTEIN MONTESSORI SCHOOL",0,0,0,0,20,21,13,16,16,20,0,0,0,0,2010
"253","EXPRESSIONS LEARNING ARTS ACAD",0,14,11,25,12,13,13,0,0,0,0,0,0,0,2010
"254","ALACHUA LEARNING CENTER",0,19,0,0,33,39,15,22,24,18,0,0,0,0,2010
"255","GENESIS PREPARATORY SCHOOL",0,14,21,14,17,0,0,0,0,0,0,0,0,0,2010
"256","MICANOPY MIDDLE SCHOOL, INC.",0,0,0,0,0,0,0,23,23,20,12,0,0,0,2010
"257","HOGGETOWNE MIDDLE SCHOOL",0,0,0,0,0,0,0,34,41,46,0,0,0,0,2010
"258","HEALTHY LEARNING ACADEMY CHART",0,17,18,14,11,0,0,0,0,0,0,0,0,0,2010
"259","FLORIDA SIATECH AT GAINESVILLE",0,0,0,0,0,0,0,0,0,0,25,45,102,80,2010
"260","SWEETWATER BRANCH ACADEMY",0,0,0,0,0,0,0,43,33,35,13,0,0,0,2010
"261","SWEETWATER BRANCH ACADEMY ELEM",0,36,21,19,26,26,18,0,0,0,0,0,0,0,2010
"262","ALACHUA COUNTY VIRTUAL SCHOOL",0,0,1,3,4,3,2,1,3,0,0,4,1,3,2010
"263","N. FLORIDA JUVENILE DETENTION",0,0,0,0,0,0,0,2,4,10,19,8,5,5,2010
"264","CHARLES W. DUVAL ELEM SCHOOL",0,81,80,75,71,61,77,0,0,0,0,0,0,0,2009
"265","J. J. FINLEY ELEMENTARY SCHOOL",0,82,64,69,82,77,65,0,0,0,0,0,0,0,2009
"266","STEPHEN FOSTER ELEMENTARY SCHL",0,71,56,50,93,114,82,0,0,0,0,0,0,0,2009
"267","A.QUINN JONES/EXCEP.STUD.CTR.",0,0,1,2,3,6,5,10,4,7,8,6,10,5,2009
"268","LAKE FOREST ELEMENTARY SCHOOL",12,75,59,72,73,56,61,0,0,0,0,0,0,0,2009
"269","SIDNEY LANIER CENTER",6,1,1,3,2,4,0,6,3,8,6,3,13,49,2009
"270","HOSPITAL HOMEBOUND",1,3,2,1,4,2,2,1,2,1,0,0,2,3,2009
"271","LITTLEWOOD ELEMENTARY SCHOOL",22,103,81,114,119,100,89,0,0,0,0,0,0,0,2009
"272","W. A. METCALFE ELEMENTARY SCHO",158,75,60,70,59,49,60,0,0,0,0,0,0,0,2009
"273","JOSEPH WILLIAMS ELEM. SCHOOL",0,79,81,99,109,98,106,0,0,0,0,0,0,0,2009
"274","ABRAHAM LINCOLN MIDDLE SCHOOL",0,0,0,0,0,0,0,230,243,236,0,0,0,0,2009
"275","HOWARD W. BISHOP MIDDLE SCHOOL",0,0,0,0,0,0,0,261,233,223,0,0,0,0,2009
"276","WESTWOOD MIDDLE SCHOOL",0,0,0,0,0,0,0,355,311,381,0,0,0,0,2009
"277","GAINESVILLE HIGH SCHOOL",0,0,0,0,0,0,0,0,0,0,485,506,481,456,2009
"278","ALACHUA ELEMENTARY SCHOOL",0,0,0,0,147,141,158,0,0,0,0,0,0,0,2009
"279","ARCHER ELEMENTARY",18,73,69,59,71,84,69,0,0,0,0,0,0,0,2009
"280","HAWTHORNE MIDDLE/HIGH SCHOOL",0,0,0,0,0,0,0,57,51,47,62,63,59,56,2009
"281","A. L. MEBANE MIDDLE SCHOOL",0,0,0,0,0,0,0,149,154,150,0,0,0,0,2009
"282","NEWBERRY HIGH SCHOOL",0,0,0,0,0,0,0,0,0,0,165,161,153,117,2009
"283","SANTA FE HIGH SCHOOL",0,0,0,0,0,0,0,0,0,0,285,304,304,236,2009
"284","CHESTER SHELL ELEMENTARY SCHL",17,34,26,26,36,27,27,0,0,0,0,0,0,0,2009
"285","WALDO COMMUNITY SCHOOL",16,28,38,34,39,30,30,0,0,0,0,0,0,0,2009
"286","MYRA TERWILLIGER ELEM. SCHOOL",133,127,106,90,100,84,71,0,0,0,0,0,0,0,2009
"287","IDYLWILD ELEMENTARY SCHOOL",1,96,104,97,102,89,81,0,0,0,0,0,0,0,2009
"288","GLEN SPRINGS ELEMENTARY SCHOOL",2,82,93,90,79,59,58,0,0,0,0,0,0,0,2009
"289","MARJORIE KINNAN RAWLINGS ELEM",86,64,53,50,48,50,44,0,0,0,0,0,0,0,2009
"290","CHARACTER COUNTS CENTER",0,2,2,6,3,1,4,1,0,0,0,0,0,0,2009
"291","PROFESSIONAL ACADEMY MAGNET AT",29,0,0,0,0,0,0,0,1,1,67,54,60,47,2009
"292","HORIZON CTR. ALTERNATIVE SCHL",0,0,0,0,0,0,0,2,8,26,15,13,9,6,2009
"293","EASTSIDE HIGH SCHOOL",0,0,0,0,0,0,0,0,0,0,399,385,407,358,2009
"294","F. W. BUCHHOLZ HIGH SCHOOL",0,0,0,0,0,0,0,0,0,0,514,532,599,576,2009
"295","HIGH SPRINGS COMMUNITY SCHOOL",18,73,101,109,104,98,106,99,103,127,0,0,0,0,2009
"296","FORT CLARKE MIDDLE SCHOOL",0,0,0,0,0,0,0,283,262,256,0,0,0,0,2009
"297","HIDDEN OAK ELEMENTARY SCHOOL",13,145,131,133,125,150,139,0,0,0,0,0,0,0,2009
"298","FEARNSIDE FAMILY SERVICES CENT",63,0,0,0,0,0,0,0,0,0,0,0,0,0,2009
"299","PRAIRIE VIEW ACADEMY",100,0,0,0,0,0,0,0,0,0,0,0,0,0,2009
"300","KIMBALL WILES ELEM. SCHOOL",2,105,135,89,109,94,110,0,0,0,0,0,0,0,2009
"301","KANAPAHA MIDDLE SCHOOL",0,0,0,0,0,0,0,303,297,332,0,0,0,0,2009
"302","LAWTON M. CHILES ELEM. SCHOOL",0,134,107,106,122,124,118,0,0,0,0,0,0,0,2009
"303","NEWBERRY ELEMENTARY SCHOOL",32,96,80,106,109,97,0,0,0,0,0,0,0,0,2009
"304","C. W. NORTON ELEMENTARY SCHOOL",5,113,94,104,112,108,121,0,0,0,0,0,0,0,2009
"305","WILLIAM S. TALBOT ELEM SCHOOL",19,103,128,118,117,110,136,0,0,0,0,0,0,0,2009
"306","W. W. IRBY ELEMENTARY SCHOOL",55,165,147,154,0,0,0,0,0,0,0,0,0,0,2009
"307","OAK VIEW MIDDLE SCHOOL",0,0,0,0,0,0,90,193,155,145,0,0,0,0,2009
"308","GAINESVILLE WILDERNESS INSTITU",0,0,0,0,0,0,0,0,3,6,11,11,3,1,2009
"309","PACE",0,0,0,0,0,0,0,1,3,8,4,13,9,1,2009
"310","THE ONE ROOM SCHOOL HOUSE PROJ",0,17,18,17,25,23,14,0,0,0,0,0,0,0,2009
"311","MICANOPY AREA COOPERATIVE SCHO",0,27,18,15,19,18,19,0,0,0,0,0,0,0,2009
"312","CARING & SHARING LEARNING SCH",0,20,20,21,26,22,22,0,0,0,0,0,0,0,2009
"313","EINSTEIN MONTESSORI SCHOOL",0,0,0,11,12,14,12,17,23,17,0,0,0,0,2009
"314","EXPRESSIONS LEARNING ARTS ACAD",0,14,23,13,14,13,9,0,0,0,0,0,0,0,2009
"315","ALACHUA LEARNING CENTER",0,19,17,21,16,9,18,24,20,23,0,0,0,0,2009
"316","GENESIS PREPARATORY SCHOOL",0,19,23,19,10,0,0,0,0,0,0,0,0,0,2009
"317","MICANOPY MIDDLE SCHOOL, INC.",0,0,0,0,0,0,0,22,23,20,11,0,0,0,2009
"318","HOGGETOWNE MIDDLE SCHOOL",0,0,0,0,0,0,0,30,43,36,0,0,0,0,2009
"319","HEALTHY LEARNING ACADEMY CHART",0,17,19,11,0,0,0,0,0,0,0,0,0,0,2009
"320","FLORIDA SIATECH AT GAINESVILLE",0,0,0,0,0,0,0,0,0,0,16,35,85,66,2009
"321","SWEETWATER BRANCH ACADEMY",0,0,0,0,0,0,0,52,47,33,0,0,0,0,2009
"322","ALACHUA COUNTY VIRTUAL SCHOOL",0,0,4,1,5,2,4,0,0,1,1,13,5,3,2009
"323","N. FLORIDA JUVENILE DETENTION",0,0,0,0,0,0,0,1,6,11,15,13,7,1,2009
