"","lat","lon","location_type","forAddress"
"1","29.6579549","-82.3017728","APPROXIMATE","Alachua County, FL, USA"
"2","29.6542969","-82.3865545","APPROXIMATE","Life South Blood Center, Gainesville, FL 32607, USA"
"3","29.6579549","-82.3017728","APPROXIMATE","Alachua County, FL, USA"
"4","29.6579549","-82.3017728","APPROXIMATE","Alachua County, FL, USA"
"5","29.613399","-82.3411483","APPROXIMATE","Meridian Behavioral Healthcare, Florida 32608, USA"
"6","29.680926","-82.4338446","APPROXIMATE","Santa Fe College, 3000 Northwest 83 Street, Gainesville, FL 32606, USA"
"7","29.6579549","-82.3017728","APPROXIMATE","Alachua County, FL, USA"
"8","29.6579549","-82.3017728","APPROXIMATE","Alachua County, FL, USA"
"9","29.6309009","-82.4180437","APPROXIMATE","Infinite Energy, Florida 32608, USA"
"10","29.6579549","-82.3017728","APPROXIMATE","Alachua County, FL, USA"
"11","29.650204","-82.3464309","APPROXIMATE","Gator Dining Services, University of Florida, Gainesville, FL 32611, USA"
"12","29.6579549","-82.3017728","APPROXIMATE","Alachua County, FL, USA"
"13","29.6422078","-82.3095802","APPROXIMATE","Abraham Lincoln Middle School, 1001 Southeast 10 Avenue, Gainesville, FL 32641, USA"
"14","29.6516344","-82.3248262","APPROXIMATE","Gainesville, FL, USA"
"15","29.7938144","-82.4944226","APPROXIMATE","Alachua, FL, USA"
"16","29.6579549","-82.3017728","APPROXIMATE","Alachua County, FL, USA"
"17","29.6838312","-82.4303797","APPROXIMATE","The Arc, Florida 32606, USA"
"18","37.1171617","49.5279996","APPROXIMATE","Gilan, Iran"
"19","29.6516344","-82.3248262","APPROXIMATE","Gainesville, FL, USA"
"20","29.6579549","-82.3017728","APPROXIMATE","Alachua County, FL, USA"
"21","29.6579549","-82.3017728","APPROXIMATE","Alachua County, FL, USA"
"22","29.6579549","-82.3017728","APPROXIMATE","Alachua County, FL, USA"
"23","29.6579549","-82.3017728","APPROXIMATE","Alachua County, FL, USA"
"24","29.6579549","-82.3017728","APPROXIMATE","Alachua County, FL, USA"
"25","29.6883066","-82.318521","APPROXIMATE","Wade Raulerson Honda Dealership, Gainesville, FL 32609, USA"
"26",NA,NA,NA,NA
"27",NA,NA,NA,NA
"28",NA,NA,NA,NA
"29",NA,NA,NA,NA
"30",NA,NA,NA,NA
"31",NA,NA,NA,NA
"32",NA,NA,NA,NA
"33",NA,NA,NA,NA
"34","30.2821807","-82.1220569","APPROXIMATE","Macclenny, FL 32063, USA"
"35","30.3931168","-82.3017728","APPROXIMATE","Baker County, FL, USA"
"36","30.1917155","-85.6743082","APPROXIMATE","Panama City, FL 32405, USA"
"37","30.1957055","-85.7974141","APPROXIMATE","Panama City Beach, FL 32407, USA"
"38","30.1917155","-85.6743082","APPROXIMATE","Panama City, FL 32405, USA"
"39","30.1917155","-85.6743082","APPROXIMATE","Panama City, FL 32405, USA"
"40","30.1624013","-85.6588999","APPROXIMATE","Panama City, FL 32401, USA"
"41","30.1917155","-85.6743082","APPROXIMATE","Panama City, FL 32405, USA"
"42","30.1624013","-85.6588999","APPROXIMATE","Panama City, FL 32401, USA"
"43","30.1624013","-85.6588999","APPROXIMATE","Panama City, FL 32401, USA"
"44",NA,NA,NA,NA
"45",NA,NA,NA,NA
"46",NA,NA,NA,NA
"47",NA,NA,NA,NA
"48",NA,NA,NA,NA
"49",NA,NA,NA,NA
"50",NA,NA,NA,NA
"51",NA,NA,NA,NA
"52","30.1917155","-85.6743082","APPROXIMATE","Panama City, FL 32405, USA"
"53","30.1805306","-85.684578","APPROXIMATE","Bay County, FL, USA"
"54","30.1917155","-85.6743082","APPROXIMATE","Panama City, FL 32405, USA"
"55","29.9441298","-82.1098275","APPROXIMATE","Starke, FL 32091, USA"
"56","29.9723818","-82.1713632","APPROXIMATE","Bradford County, FL, USA"
"57","29.9723818","-82.1713632","APPROXIMATE","Bradford County, FL, USA"
"58","29.9723818","-82.1713632","APPROXIMATE","Bradford County, FL, USA"
"59","29.9723818","-82.1713632","APPROXIMATE","Bradford County, FL, USA"
"60","29.9723818","-82.1713632","APPROXIMATE","Bradford County, FL, USA"
"61","29.9723818","-82.1713632","APPROXIMATE","Bradford County, FL, USA"
"62",NA,NA,NA,NA
"63",NA,NA,NA,NA
"64",NA,NA,NA,NA
"65",NA,NA,NA,NA
"66",NA,NA,NA,NA
"67",NA,NA,NA,NA
"68",NA,NA,NA,NA
"69",NA,NA,NA,NA
"70","29.9723818","-82.1713632","APPROXIMATE","Bradford County, FL, USA"
"71","28.0171567","-80.6223142","APPROXIMATE","Brevard Health Alliance, 5270 Babcock Street Northeast #1, Palm Bay, FL 32905, USA"
"72","28.0768553","-80.6578985","APPROXIMATE","Buena Vida Estates, 2129 West New Haven Avenue, Melbourne, FL 32904, USA"
"73","28.5717909","-80.8232188","APPROXIMATE","Royal Oaks Medical Center, 1855 Knox McRae Drive, Titusville, FL 32780, USA"
"74","28.263933","-80.7214417","APPROXIMATE","Brevard County, FL, USA"
"75","28.263933","-80.7214417","APPROXIMATE","Brevard County, FL, USA"
"76","28.263933","-80.7214417","APPROXIMATE","Brevard County, FL, USA"
"77","28.0344621","-80.5886646","APPROXIMATE","Palm Bay, FL, USA"
"78","28.263933","-80.7214417","APPROXIMATE","Brevard County, FL, USA"
"79","28.064459","-80.622979","APPROXIMATE","Florida Institute Of Technology, 150 West University Boulevard, Melbourne, FL 32901, USA"
"80",NA,NA,NA,NA
"81",NA,NA,NA,NA
"82",NA,NA,NA,NA
"83",NA,NA,NA,NA
"84",NA,NA,NA,NA
"85",NA,NA,NA,NA
"86",NA,NA,NA,NA
"87",NA,NA,NA,NA
"88",NA,NA,NA,NA
"89",NA,NA,NA,NA
"90","28.263933","-80.7214417","APPROXIMATE","Brevard County, FL, USA"
"91","28.263933","-80.7214417","APPROXIMATE","Brevard County, FL, USA"
"92","28.263933","-80.7214417","APPROXIMATE","Brevard County, FL, USA"
"93","28.263933","-80.7214417","APPROXIMATE","Brevard County, FL, USA"
"94","28.086149","-80.6164","APPROXIMATE","Cancer Care Centers Of Brevard, 1430 Pine Street, Melbourne, FL 32901, USA"
"95","28.366846","-80.735259","APPROXIMATE","N Cocoa Blvd @ Wells Fargo Bank, Cocoa, FL 32922, USA"
"96","28.263933","-80.7214417","APPROXIMATE","Brevard County, FL, USA"
"97","28.2857932","-80.7287177","APPROXIMATE","Viera, Rockledge, FL 32955, USA"
"98","26.010537","-80.165179","APPROXIMATE","Hollywood Animal Hospital, 2864 Hollywood Boulevard, Hollywood, FL 33020, USA"
"99","26.0093461","-80.2107054","APPROXIMATE","Latin Chamber of Commerce, 121 S 61st Ter, Hollywood, FL 33023, USA"
"100",NA,NA,NA,NA
"101",NA,NA,NA,NA
"102",NA,NA,NA,NA
"103",NA,NA,NA,NA
"104",NA,NA,NA,NA
"105",NA,NA,NA,NA
"106",NA,NA,NA,NA
"107",NA,NA,NA,NA
"108",NA,NA,NA,NA
"109",NA,NA,NA,NA
"110",NA,NA,NA,NA
"111","26.2055322","-80.1513097","APPROXIMATE","Early Learning Coalition, 6301 Northwest 5th Way #3400, Fort Lauderdale, FL 33309, USA"
"112","25.9860762","-80.3035602","APPROXIMATE","Miramar, FL, USA"
"113","26.1224386","-80.1373174","APPROXIMATE","Fort Lauderdale, FL, USA"
"114","26.190096","-80.365865","APPROXIMATE","Broward County, FL, USA"
"115","26.0112014","-80.1494901","APPROXIMATE","Hollywood, FL, USA"
"116","26.190096","-80.365865","APPROXIMATE","Broward County, FL, USA"
"117","26.1275862","-80.2331036","APPROXIMATE","Plantation, FL, USA"
"118","26.2128609","-80.2497707","APPROXIMATE","Tamarac, FL, USA"
"119","26.1603626","-80.138934","APPROXIMATE","Wilton Manors, FL, USA"
"120","26.190096","-80.365865","APPROXIMATE","Broward County, FL, USA"
"121",NA,NA,NA,NA
"122",NA,NA,NA,NA
"123",NA,NA,NA,NA
"124",NA,NA,NA,NA
"125",NA,NA,NA,NA
"126",NA,NA,NA,NA
"127",NA,NA,NA,NA
"128",NA,NA,NA,NA
"129",NA,NA,NA,NA
"130",NA,NA,NA,NA
"131",NA,NA,NA,NA
"132","30.3475302","-85.1894045","APPROXIMATE","Calhoun County, FL, USA"
"133","30.4435293","-85.0451953","APPROXIMATE","Blountstown, FL 32424, USA"
"134","30.442787","-85.041899","APPROXIMATE","Calhoun County School District, 20859 East Central Avenue, Blountstown, FL 32424, USA"
"135","30.3475302","-85.1894045","APPROXIMATE","Calhoun County, FL, USA"
"136","30.3475302","-85.1894045","APPROXIMATE","Calhoun County, FL, USA"
"137","30.3475302","-85.1894045","APPROXIMATE","Calhoun County, FL, USA"
"138","30.444894","-85.04521","APPROXIMATE","Blountstown Police Department, 16908 North Pear Street, Blountstown, FL 32424, USA"
"139","30.3475302","-85.1894045","APPROXIMATE","Calhoun County, FL, USA"
"140","30.3475302","-85.1894045","APPROXIMATE","Calhoun County, FL, USA"
"141","30.3475302","-85.1894045","APPROXIMATE","Calhoun County, FL, USA"
"142",NA,NA,NA,NA
"143",NA,NA,NA,NA
"144",NA,NA,NA,NA
"145",NA,NA,NA,NA
"146",NA,NA,NA,NA
"147",NA,NA,NA,NA
"148",NA,NA,NA,NA
"149",NA,NA,NA,NA
"150","26.8946009","-81.909826","APPROXIMATE","Charlotte County, FL, USA"
"151","26.8946009","-81.909826","APPROXIMATE","Charlotte County, FL, USA"
"152","26.8946009","-81.909826","APPROXIMATE","Charlotte County, FL, USA"
"153","26.8946009","-81.909826","APPROXIMATE","Charlotte County, FL, USA"
"154","27.0095346","-82.1361723","APPROXIMATE","United State Government, 1700 Tamiami Trail, Port Charlotte, FL 33948, USA"
"155","26.9297836","-82.0453664","APPROXIMATE","Punta Gorda, FL, USA"
"156","26.9761707","-82.0906448","APPROXIMATE","Port Charlotte, FL, USA"
"157","26.8946009","-81.909826","APPROXIMATE","Charlotte County, FL, USA"
"158","26.8946009","-81.909826","APPROXIMATE","Charlotte County, FL, USA"
"159","26.8946009","-81.909826","APPROXIMATE","Charlotte County, FL, USA"
"160",NA,NA,NA,NA
"161",NA,NA,NA,NA
"162",NA,NA,NA,NA
"163",NA,NA,NA,NA
"164",NA,NA,NA,NA
"165",NA,NA,NA,NA
"166",NA,NA,NA,NA
"167",NA,NA,NA,NA
"168","44.3062648","-103.827815","APPROXIMATE","Gold Diggers, South Lawrence, SD 57754, USA"
"169","28.8848842","-82.5185837","APPROXIMATE","Citrus County, FL, USA"
"170","28.8848842","-82.5185837","APPROXIMATE","Citrus County, FL, USA"
"171","28.8945685","-82.5848051","APPROXIMATE","Citrus County Chamber of Commerce, 28 U.S. 19, Crystal River, FL 34428, USA"
"172","28.902479","-82.5926012","APPROXIMATE","Crystal River, FL, USA"
"173","28.902479","-82.5926012","APPROXIMATE","Crystal River, FL, USA"
"174","28.8442046","-82.4834749","APPROXIMATE","Citrus County Corrections Corporation, 2604 West Woodland Ridge Drive, Lecanto, FL 34461, USA"
"175","28.8848842","-82.5185837","APPROXIMATE","Citrus County, FL, USA"
"176",NA,NA,NA,NA
"177","28.8349294","-82.342337","APPROXIMATE","Citrus County School District, 1007 West Main Street, Inverness, FL 34450, USA"
"178",NA,NA,NA,NA
"179",NA,NA,NA,NA
"180",NA,NA,NA,NA
"181",NA,NA,NA,NA
"182",NA,NA,NA,NA
"183",NA,NA,NA,NA
"184",NA,NA,NA,NA
"185",NA,NA,NA,NA
"186",NA,NA,NA,NA
"187","29.9880494","-81.6825771","APPROXIMATE","Kindred Hospital North Florida, 801 Oak Street, Green Cove Springs, FL 32043, USA"
"188","29.9943564","-81.7787021","APPROXIMATE","Clay County, FL, USA"
"189","30.0632626","-81.8722638","APPROXIMATE","Kids First, 2645 Blanding Boulevard, Middleburg, FL 32068, USA"
"190","29.9943564","-81.7787021","APPROXIMATE","Clay County, FL, USA"
"191","29.9943564","-81.7787021","APPROXIMATE","Clay County, FL, USA"
"192","29.9943564","-81.7787021","APPROXIMATE","Clay County, FL, USA"
"193","30.165502","-81.7377454","APPROXIMATE","Orange Park Medical Center, 2001 Kingsley Avenue, Orange Park, FL 32073, USA"
"194","30.1174731","-81.7744068","APPROXIMATE","St. Johns River State College, Saint Johns River State College-Orange Park Campus, 283 College Drive, Orange Park, FL 32065, USA"
"195","30.1083536","-81.8315563","GEOMETRIC_CENTER","Saint Vincent's Way, Middleburg, FL 32068, USA"
"196","30.1654085","-81.7027912","APPROXIMATE","Orange Park Police Department, 2025 Smith Street, Orange Park, FL 32073, USA"
"197",NA,NA,NA,NA
"198",NA,NA,NA,NA
"199",NA,NA,NA,NA
"200",NA,NA,NA,NA
"201",NA,NA,NA,NA
"202",NA,NA,NA,NA
"203",NA,NA,NA,NA
"204",NA,NA,NA,NA
"205",NA,NA,NA,NA
"206","26.128343","-81.7639551","APPROXIMATE","Collier County Sheriff's Office, 3319 Tamiami Trail East, Naples, FL 34112, USA"
"207","26.069985","-81.4278984","APPROXIMATE","Collier County, FL, USA"
"208","26.2718911","-81.8027015","APPROXIMATE","Physicians Day Surgery Center, 850 111th Ave N, Naples, FL 34108, USA"
"209","26.069985","-81.4278984","APPROXIMATE","Collier County, FL, USA"
"210","26.069985","-81.4278984","APPROXIMATE","Collier County, FL, USA"
"211","26.069985","-81.4278984","APPROXIMATE","Collier County, FL, USA"
"212","26.069985","-81.4278984","APPROXIMATE","Collier County, FL, USA"
"213","26.069985","-81.4278984","APPROXIMATE","Collier County, FL, USA"
"214","26.1420358","-81.7948103","APPROXIMATE","Naples, FL, USA"
"215","26.1274626","-81.7620343","APPROXIMATE","Collier County Museum, 3331 Tamiami Trail East, Naples, FL 34112, USA"
"216",NA,NA,NA,NA
"217",NA,NA,NA,NA
"218","26.069985","-81.4278984","APPROXIMATE","Collier County, FL, USA"
"219","26.1746604","-81.7288844","APPROXIMATE","David Lawrence Center: Perfilio Andrew M MD, 6075 Bathey Lane, Naples, FL 34116, USA"
"220","26.069985","-81.4278984","APPROXIMATE","Collier County, FL, USA"
"221","26.069985","-81.4278984","APPROXIMATE","Collier County, FL, USA"
"222","26.1519648","-81.7973442","APPROXIMATE","Naples Medical Center, 400 8th Street North, Naples, FL 34102, USA"
"223","26.069985","-81.4278984","APPROXIMATE","Collier County, FL, USA"
"224","26.069985","-81.4278984","APPROXIMATE","Collier County, FL, USA"
"225",NA,NA,NA,NA
"226","26.069985","-81.4278984","APPROXIMATE","Collier County, FL, USA"
"227","26.069985","-81.4278984","APPROXIMATE","Collier County, FL, USA"
"228",NA,NA,NA,NA
"229",NA,NA,NA,NA
"230","26.2180469","-81.8097933","GEOMETRIC_CENTER","Glenview Place, Naples, FL 34108, USA"
"231","26.0240681","-81.6834343","GEOMETRIC_CENTER","Fiddlers Creek Parkway, Naples, FL 34114, USA"
"232","26.069985","-81.4278984","APPROXIMATE","Collier County, FL, USA"
"233","26.2311989","-81.8056433","APPROXIMATE","Pelican Bay, North Naples, FL, USA"
"234","26.069985","-81.4278984","APPROXIMATE","Collier County, FL, USA"
"235","30.1812696","-82.605118","APPROXIMATE","Columbia County, FL, USA"
"236","30.1749015","-82.5686247","APPROXIMATE","Florida Gateway College, 149 Southeast College Place, Lake City, FL 32025, USA"
"237","30.1812696","-82.605118","APPROXIMATE","Columbia County, FL, USA"
"238","30.1812696","-82.605118","APPROXIMATE","Columbia County, FL, USA"
"239","30.0738438","-82.6956787","APPROXIMATE","Columbia, Florida 32024, USA"
"240","30.1896756","-82.6392899","APPROXIMATE","Lake City, FL, USA"
"241","30.1812696","-82.605118","APPROXIMATE","Columbia County, FL, USA"
"242","30.1812696","-82.605118","APPROXIMATE","Columbia County, FL, USA"
"243","30.1812696","-82.605118","APPROXIMATE","Columbia County, FL, USA"
"244","30.1812696","-82.605118","APPROXIMATE","Columbia County, FL, USA"
"245","29.8697313","-82.7437151","GEOMETRIC_CENTER","Southwest Meridian Court,, Fort White, FL 32038, USA"
"246","30.1812696","-82.605118","APPROXIMATE","Columbia County, FL, USA"
"247",NA,NA,NA,NA
"248",NA,NA,NA,NA
"249",NA,NA,NA,NA
"250",NA,NA,NA,NA
"251",NA,NA,NA,NA
"252",NA,NA,NA,NA
"253",NA,NA,NA,NA
"254",NA,NA,NA,NA
"255","27.2142078","-81.7787021","APPROXIMATE","DeSoto County, FL, USA"
"256","27.2142078","-81.7787021","APPROXIMATE","DeSoto County, FL, USA"
"257","27.2158826","-81.8584164","APPROXIMATE","Arcadia, FL 34266, USA"
"258","27.2142078","-81.7787021","APPROXIMATE","DeSoto County, FL, USA"
"259","27.2142078","-81.7787021","APPROXIMATE","DeSoto County, FL, USA"
"260","27.2142078","-81.7787021","APPROXIMATE","DeSoto County, FL, USA"
"261","27.2142078","-81.7787021","APPROXIMATE","DeSoto County, FL, USA"
"262","27.2142078","-81.7787021","APPROXIMATE","DeSoto County, FL, USA"
"263","27.2142078","-81.7787021","APPROXIMATE","DeSoto County, FL, USA"
"264","27.2142078","-81.7787021","APPROXIMATE","DeSoto County, FL, USA"
"265",NA,NA,NA,NA
"266",NA,NA,NA,NA
"267",NA,NA,NA,NA
"268",NA,NA,NA,NA
"269",NA,NA,NA,NA
"270",NA,NA,NA,NA
"271",NA,NA,NA,NA
"272",NA,NA,NA,NA
"273",NA,NA,NA,NA
"274",NA,NA,NA,NA
"275",NA,NA,NA,NA
"276","29.6343977","-83.1251306","APPROXIMATE","Cross City, FL, USA"
"277","29.6340546","-83.1242491","APPROXIMATE","Dixie Board of County Commissioners, State Highway 351, Cross City, FL 32628, USA"
"278","29.5207227","-83.1649001","APPROXIMATE","Dixie County, FL, USA"
"279",NA,NA,NA,NA
"280","29.5207227","-83.1649001","APPROXIMATE","Dixie County, FL, USA"
"281","29.5207227","-83.1649001","APPROXIMATE","Dixie County, FL, USA"
"282","29.5207227","-83.1649001","APPROXIMATE","Dixie County, FL, USA"
"283","29.5207227","-83.1649001","APPROXIMATE","Dixie County, FL, USA"
"284","29.5207227","-83.1649001","APPROXIMATE","Dixie County, FL, USA"
"285",NA,NA,NA,NA
"286",NA,NA,NA,NA
"287",NA,NA,NA,NA
"288",NA,NA,NA,NA
"289",NA,NA,NA,NA
"290",NA,NA,NA,NA
"291",NA,NA,NA,NA
"292",NA,NA,NA,NA
"293",NA,NA,NA,NA
"294",NA,NA,NA,NA
"295","30.3500511","-81.6035062","APPROXIMATE","Duval County, FL, USA"
"296","47.516231","14.550072","APPROXIMATE","Austria"
"297","30.3500511","-81.6035062","APPROXIMATE","Duval County, FL, USA"
"298","30.3500511","-81.6035062","APPROXIMATE","Duval County, FL, USA"
"299","30.3500511","-81.6035062","APPROXIMATE","Duval County, FL, USA"
"300","30.3500511","-81.6035062","APPROXIMATE","Duval County, FL, USA"
"301","30.2188814","-81.539291","GEOMETRIC_CENTER","Rock Hill Lane, Jacksonville, FL 32256, USA"
"302","30.2289585","-81.5827646","GEOMETRIC_CENTER","Baymeadows Way, Jacksonville, FL 32256, USA"
"303","30.3500511","-81.6035062","APPROXIMATE","Duval County, FL, USA"
"304","30.3017105","-81.9416279","GEOMETRIC_CENTER","Winn-Dixie Parkway, Jacksonville, FL 32234, USA"
"305",NA,NA,NA,NA
"306",NA,NA,NA,NA
"307",NA,NA,NA,NA
"308",NA,NA,NA,NA
"309","30.3500511","-81.6035062","APPROXIMATE","Duval County, FL, USA"
"310","30.3500511","-81.6035062","APPROXIMATE","Duval County, FL, USA"
"311","30.3500511","-81.6035062","APPROXIMATE","Duval County, FL, USA"
"312","30.3500511","-81.6035062","APPROXIMATE","Duval County, FL, USA"
"313","30.3500511","-81.6035062","APPROXIMATE","Duval County, FL, USA"
"314","30.4940713","-81.6879368","APPROXIMATE","Jacksonville International Airport (JAX), 2400 Yankee Clipper Drive, Jacksonville, FL 32218, USA"
"315","30.3500511","-81.6035062","APPROXIMATE","Duval County, FL, USA"
"316",NA,NA,NA,NA
"317","30.4739187","-81.6172083","APPROXIMATE","Duval, Jacksonville, FL 32218, USA"
"318","42.3838233","-82.9143348","APPROXIMATE","Pulmonary, 468 Cadieux Road, Grosse Pointe, MI 48230, USA"
"319",NA,NA,NA,NA
"320",NA,NA,NA,NA
"321",NA,NA,NA,NA
"322",NA,NA,NA,NA
"323",NA,NA,NA,NA
"324",NA,NA,NA,NA
"325",NA,NA,NA,NA
"326",NA,NA,NA,NA
"327",NA,NA,NA,NA
"328",NA,NA,NA,NA
"329","30.487668","-87.222271","APPROXIMATE","Center For Sight: Harbour Robert C MD, 6190 North Davis Highway, Pensacola, FL 32504, USA"
"330","30.6389408","-87.3413599","APPROXIMATE","Escambia County, FL, USA"
"331","30.6389408","-87.3413599","APPROXIMATE","Escambia County, FL, USA"
"332","30.6389408","-87.3413599","APPROXIMATE","Escambia County, FL, USA"
"333","30.6389408","-87.3413599","APPROXIMATE","Escambia County, FL, USA"
"334","30.6389408","-87.3413599","APPROXIMATE","Escambia County, FL, USA"
"335","30.4417547","-87.2357467","APPROXIMATE","Escambia County Sheriff's Office, 1700 West Leonard Street, Pensacola, FL 32501, USA"
"336","30.421309","-87.2169149","APPROXIMATE","Pensacola, FL, USA"
"337","30.6389408","-87.3413599","APPROXIMATE","Escambia County School District, USA"
"338","30.4083825","-87.2163834","APPROXIMATE","Escambia County Adoptions, 190 West Government Street, Pensacola, FL 32502, USA"
"339",NA,NA,NA,NA
"340",NA,NA,NA,NA
"341",NA,NA,NA,NA
"342",NA,NA,NA,NA
"343",NA,NA,NA,NA
"344",NA,NA,NA,NA
"345",NA,NA,NA,NA
"346",NA,NA,NA,NA
"347",NA,NA,NA,NA
"348","30.6389408","-87.3413599","APPROXIMATE","Escambia County, FL, USA"
"349","30.6389408","-87.3413599","APPROXIMATE","Escambia County, FL, USA"
"350","30.6389408","-87.3413599","APPROXIMATE","Escambia County, FL, USA"
"351","29.4086072","-81.2518833","APPROXIMATE","Flagler County, FL, USA"
"352","29.4086072","-81.2518833","APPROXIMATE","Flagler County, FL, USA"
"353","29.4086072","-81.2518833","APPROXIMATE","Flagler County, FL, USA"
"354","29.4731105","-81.2453436","APPROXIMATE","Flagler County Schools, 1769 East Moody Boulevard #2, Bunnell, FL 32110, USA"
"355","29.4086072","-81.2518833","APPROXIMATE","Flagler County, FL, USA"
"356","29.4086072","-81.2518833","APPROXIMATE","Flagler County, FL, USA"
"357","29.4086072","-81.2518833","APPROXIMATE","Flagler County, FL, USA"
"358",NA,NA,NA,NA
"359",NA,NA,NA,NA
"360",NA,NA,NA,NA
"361",NA,NA,NA,NA
"362",NA,NA,NA,NA
"363",NA,NA,NA,NA
"364",NA,NA,NA,NA
"365",NA,NA,NA,NA
"366",NA,NA,NA,NA
"367","29.4086072","-81.2518833","APPROXIMATE","Flagler County, FL, USA"
"368","29.4086072","-81.2518833","APPROXIMATE","Flagler County, FL, USA"
"369","29.7817695","-84.8567932","APPROXIMATE","Franklin County, FL, USA"
"370","29.7817695","-84.8567932","APPROXIMATE","Franklin County, FL, USA"
"371","29.7243317","-84.9923174","APPROXIMATE","George E Weems Memorial Hospital, Apalachicola, FL 32320, USA"
"372","29.7817695","-84.8567932","APPROXIMATE","Franklin County, FL, USA"
"373","29.7817695","-84.8567932","APPROXIMATE","Franklin County, FL, USA"
"374","29.8882848","-84.5831539","GEOMETRIC_CENTER","Florida, Florida 32322, USA"
"375","29.7257675","-84.9832435","APPROXIMATE","Apalachicola, FL, USA"
"376","29.7817695","-84.8567932","APPROXIMATE","Franklin County, FL, USA"
"377",NA,NA,NA,NA
"378",NA,NA,NA,NA
"379",NA,NA,NA,NA
"380",NA,NA,NA,NA
"381",NA,NA,NA,NA
"382",NA,NA,NA,NA
"383",NA,NA,NA,NA
"384",NA,NA,NA,NA
"385",NA,NA,NA,NA
"386","30.5562947","-84.6479124","APPROXIMATE","Gadsden County, FL, USA"
"387","30.5562947","-84.6479124","APPROXIMATE","Gadsden County, FL, USA"
"388","30.5562947","-84.6479124","APPROXIMATE","Gadsden County, FL, USA"
"389","30.5871392","-84.5832453","APPROXIMATE","Quincy, FL, USA"
"390","30.6238069","-84.414629","APPROXIMATE","Havana, FL 32333, USA"
"391","30.577287","-84.5785559","APPROXIMATE","Gadsden County Schools, 35 Martin Luther King Junior Boulevard, Quincy, FL 32351, USA"
"392","30.5562947","-84.6479124","APPROXIMATE","Gadsden County, FL, USA"
"393","29.6127142","-82.818315","APPROXIMATE","Pure Water Wilderness, 220 South Main Street, Trenton, FL 32693, USA"
"394","29.6871128","-82.820974","APPROXIMATE","Gilchrist County, FL, USA"
"395","29.617924","-82.908993","APPROXIMATE","Riverside Christian School, 8149 Southwest County Road 341, Trenton, FL 32693, USA"
"396",NA,NA,NA,NA
"397",NA,NA,NA,NA
"398",NA,NA,NA,NA
"399",NA,NA,NA,NA
"400",NA,NA,NA,NA
"401",NA,NA,NA,NA
"402",NA,NA,NA,NA
"403",NA,NA,NA,NA
"404","29.6871128","-82.820974","APPROXIMATE","Gilchrist County, FL, USA"
"405","29.6871128","-82.820974","APPROXIMATE","Gilchrist County, FL, USA"
"406","29.6871128","-82.820974","APPROXIMATE","Gilchrist County, FL, USA"
"407","29.6871128","-82.820974","APPROXIMATE","Gilchrist County, FL, USA"
"408","26.984415","-81.0754657","APPROXIMATE","Glades County, FL, USA"
"409","26.8331174","-81.0931234","APPROXIMATE","Moore Haven, FL 33471, USA"
"410","26.984415","-81.0754657","APPROXIMATE","Glades County, FL, USA"
"411","26.984415","-81.0754657","APPROXIMATE","Glades County, FL, USA"
"412","26.830929","-81.1032693","APPROXIMATE","Glades County School District, 400 10th St SW, Moore Haven, FL 33471, USA"
"413","26.984415","-81.0754657","APPROXIMATE","Glades County, FL, USA"
"414",NA,NA,NA,NA
"415",NA,NA,NA,NA
"416",NA,NA,NA,NA
"417",NA,NA,NA,NA
"418",NA,NA,NA,NA
"419",NA,NA,NA,NA
"420",NA,NA,NA,NA
"421",NA,NA,NA,NA
"422",NA,NA,NA,NA
"423",NA,NA,NA,NA
"424","29.8001623","-85.354965","APPROXIMATE","Gulf County, FL, USA"
"425","29.8001623","-85.354965","APPROXIMATE","Gulf County, FL, USA"
"426","29.9342893","-85.2308414","APPROXIMATE","Gulf County School District, FL, USA"
"427","29.8001623","-85.354965","APPROXIMATE","Gulf County, FL, USA"
"428","29.8149","-85.302136","APPROXIMATE","Busy Bee Child Development Center, 218 Long Avenue, Port St. Joe, FL 32456, USA"
"429","29.8001623","-85.354965","APPROXIMATE","Gulf County, FL, USA"
"430","30.1127004","-85.2004716","APPROXIMATE","Wewahitchka, FL 32465, USA"
"431","29.8001623","-85.354965","APPROXIMATE","Gulf County, FL, USA"
"432","30.1127004","-85.2004716","APPROXIMATE","Wewahitchka, FL 32465, USA"
"433","29.8118757","-85.302974","APPROXIMATE","Port St. Joe, FL 32456, USA"
"434",NA,NA,NA,NA
"435",NA,NA,NA,NA
"436",NA,NA,NA,NA
"437",NA,NA,NA,NA
"438",NA,NA,NA,NA
"439",NA,NA,NA,NA
"440",NA,NA,NA,NA
"441",NA,NA,NA,NA
"442",NA,NA,NA,NA
"443",NA,NA,NA,NA
"444",NA,NA,NA,NA
"445","-25.2529539","-64.7162415","APPROXIMATE","Salta Province, Argentina"
"446","30.4755958","-82.9501558","APPROXIMATE","Hamilton County, FL, USA"
"447","30.4755958","-82.9501558","APPROXIMATE","Hamilton County, FL, USA"
"448","30.4755958","-82.9501558","APPROXIMATE","Hamilton County, FL, USA"
"449","30.4755958","-82.9501558","APPROXIMATE","Hamilton County, FL, USA"
"450","27.548233","-81.920249","APPROXIMATE","Florida Institute for Neurologic Rehabilitation, Inc. (FINR), 1962 Vandolah Road, Wauchula, FL 33873, USA"
"451","27.4501733","-81.8224362","APPROXIMATE","Hardee County, FL, USA"
"452","27.4501733","-81.8224362","APPROXIMATE","Hardee County, FL, USA"
"453","27.414308","-81.918041","GEOMETRIC_CENTER","Hardee County 663, Ona, FL 33865, USA"
"454","27.4501733","-81.8224362","APPROXIMATE","Hardee County, FL, USA"
"455",NA,NA,NA,NA
"456",NA,NA,NA,NA
"457",NA,NA,NA,NA
"458",NA,NA,NA,NA
"459",NA,NA,NA,NA
"460",NA,NA,NA,NA
"461",NA,NA,NA,NA
"462",NA,NA,NA,NA
"463","26.6105319","-81.0754657","APPROXIMATE","Hendry County, FL, USA"
"464","26.7591616","-80.9203164","APPROXIMATE","Hendry County School Board, 1501 South Francisco Street, Clewiston, FL 33440, USA"
"465","26.6105319","-81.0754657","APPROXIMATE","Hendry County, FL, USA"
"466","26.7617322","-81.4384092","APPROXIMATE","LaBelle, FL 33935, USA"
"467","26.7542312","-80.9336753","APPROXIMATE","Clewiston, FL, USA"
"468","26.6105319","-81.0754657","APPROXIMATE","Hendry County, FL, USA"
"469","26.754879","-81.439029","APPROXIMATE","Hendry Regional Medical Center, 450 South Main Street #2, LaBelle, FL 33935, USA"
"470","28.5578826","-82.4752757","APPROXIMATE","Hernando County, FL, USA"
"471","28.5578826","-82.4752757","APPROXIMATE","Hernando County, FL, USA"
"472","28.5578826","-82.4752757","APPROXIMATE","Hernando County, FL, USA"
"473",NA,NA,NA,NA
"474",NA,NA,NA,NA
"475",NA,NA,NA,NA
"476",NA,NA,NA,NA
"477",NA,NA,NA,NA
"478",NA,NA,NA,NA
"479",NA,NA,NA,NA
"480",NA,NA,NA,NA
"481","28.5578826","-82.4752757","APPROXIMATE","Hernando County, FL, USA"
"482","28.5578826","-82.4752757","APPROXIMATE","Hernando County, FL, USA"
"483","28.543576","-82.423288","APPROXIMATE","Hernando County School System, 8050 Mobley Road, Brooksville, FL 34601, USA"
"484","28.5578826","-82.4752757","APPROXIMATE","Hernando County, FL, USA"
"485","28.5578826","-82.4752757","APPROXIMATE","Hernando County, FL, USA"
"486","28.530475","-82.511811","APPROXIMATE","Gulfcoast Spine Institute: Sal Bono Frank DO, 7101 Mariner Boulevard, Brooksville, FL 34609, USA"
"487","28.5578826","-82.4752757","APPROXIMATE","Hernando County, FL, USA"
"488","28.5578826","-82.4752757","APPROXIMATE","Hernando County, FL, USA"
"489","28.5578826","-82.4752757","APPROXIMATE","Hernando County, FL, USA"
"490","28.5578826","-82.4752757","APPROXIMATE","Hernando County, FL, USA"
"491",NA,NA,NA,NA
"492",NA,NA,NA,NA
"493",NA,NA,NA,NA
"494",NA,NA,NA,NA
"495",NA,NA,NA,NA
"496",NA,NA,NA,NA
"497",NA,NA,NA,NA
"498",NA,NA,NA,NA
"499",NA,NA,NA,NA
"500","27.3400286","-81.3400268","APPROXIMATE","Highlands County, FL, USA"
"501","44.2794911","-73.9798713","APPROXIMATE","Lake Placid, NY 12946, USA"
"502","27.3400286","-81.3400268","APPROXIMATE","Highlands County, FL, USA"
"503","27.4919062","-81.4356787","APPROXIMATE","Highlands County Tax Collector, 540 South Commerce Avenue, Sebring, FL 33870, USA"
"504","27.3400286","-81.3400268","APPROXIMATE","Highlands County, FL, USA"
"505","27.3400286","-81.3400268","APPROXIMATE","Highlands County, FL, USA"
"506","27.3400286","-81.3400268","APPROXIMATE","Highlands County, FL, USA"
"507","27.3400286","-81.3400268","APPROXIMATE","Highlands County, FL, USA"
"508","27.3400286","-81.3400268","APPROXIMATE","Highlands County, FL, USA"
"509","27.9483357","-82.4548264","APPROXIMATE","Hillsborough County Action Center, 601 East Kennedy Boulevard, Tampa, FL 33602, USA"
"510",NA,NA,NA,NA
"511",NA,NA,NA,NA
"512",NA,NA,NA,NA
"513",NA,NA,NA,NA
"514",NA,NA,NA,NA
"515",NA,NA,NA,NA
"516",NA,NA,NA,NA
"517",NA,NA,NA,NA
"518",NA,NA,NA,NA
"519",NA,NA,NA,NA
"520","27.9483357","-82.4548264","APPROXIMATE","Hillsborough County Action Center, 601 East Kennedy Boulevard, Tampa, FL 33602, USA"
"521","27.9483357","-82.4548264","APPROXIMATE","Hillsborough County Action Center, 601 East Kennedy Boulevard, Tampa, FL 33602, USA"
"522","27.9176206","-82.2511906","GEOMETRIC_CENTER","Shady Oaks Drive, Valrico, FL 33594, USA"
"523","27.9483357","-82.4548264","APPROXIMATE","Hillsborough County Action Center, 601 East Kennedy Boulevard, Tampa, FL 33602, USA"
"524","27.9483357","-82.4548264","APPROXIMATE","Hillsborough County Action Center, 601 East Kennedy Boulevard, Tampa, FL 33602, USA"
"525","27.9483357","-82.4548264","APPROXIMATE","Hillsborough County Action Center, 601 East Kennedy Boulevard, Tampa, FL 33602, USA"
"526","27.950575","-82.4571776","APPROXIMATE","Tampa, FL, USA"
"527","27.9483357","-82.4548264","APPROXIMATE","Hillsborough County Action Center, 601 East Kennedy Boulevard, Tampa, FL 33602, USA"
"528","27.9483357","-82.4548264","APPROXIMATE","Hillsborough County Action Center, 601 East Kennedy Boulevard, Tampa, FL 33602, USA"
"529","27.9625435","-82.460686","APPROXIMATE","Metropolitan Ministries Partnership Elementary School, 102 East Palm Avenue, Tampa, FL 33602, USA"
"530",NA,NA,NA,NA
"531",NA,NA,NA,NA
"532",NA,NA,NA,NA
"533",NA,NA,NA,NA
"534",NA,NA,NA,NA
"535",NA,NA,NA,NA
"536",NA,NA,NA,NA
"537",NA,NA,NA,NA
"538","27.9483357","-82.4548264","APPROXIMATE","Hillsborough County Action Center, 601 East Kennedy Boulevard, Tampa, FL 33602, USA"
"539","27.9483357","-82.4548264","APPROXIMATE","Hillsborough County Action Center, 601 East Kennedy Boulevard, Tampa, FL 33602, USA"
"540","27.9483357","-82.4548264","APPROXIMATE","Hillsborough County Action Center, 601 East Kennedy Boulevard, Tampa, FL 33602, USA"
"541","28.0026585","-82.4284431","APPROXIMATE","Hillsborough County Fire Rescue, 2709 East Hanna Avenue, Tampa, FL 33610, USA"
"542","27.9483357","-82.4548264","APPROXIMATE","Hillsborough County Action Center, 601 East Kennedy Boulevard, Tampa, FL 33602, USA"
"543","27.9483357","-82.4548264","APPROXIMATE","Hillsborough County Action Center, 601 East Kennedy Boulevard, Tampa, FL 33602, USA"
"544","27.9483357","-82.4548264","APPROXIMATE","Hillsborough County Action Center, 601 East Kennedy Boulevard, Tampa, FL 33602, USA"
"545","30.839183","-85.917655","GEOMETRIC_CENTER","Holmes Road, Westville, FL 32464, USA"
"546","30.7918559","-85.6796533","APPROXIMATE","Bonifay, FL 32425, USA"
"547",NA,NA,NA,NA
"548",NA,NA,NA,NA
"549",NA,NA,NA,NA
"550",NA,NA,NA,NA
"551",NA,NA,NA,NA
"552",NA,NA,NA,NA
"553","30.8740806","-85.80766","APPROXIMATE","Holmes County, FL, USA"
"554","30.7941176","-85.6794732","APPROXIMATE","Holmes County Tax Collector, 224 North Waukesha Street, Bonifay, FL 32425, USA"
"555","30.7941176","-85.6794732","APPROXIMATE","Holmes County Property Appraiser, 226 North Waukesha Street, Bonifay, FL 32425, USA"
"556","30.8740806","-85.80766","APPROXIMATE","Holmes County, FL, USA"
"557","51.5452123","-0.0755361","ROOFTOP","Noodle Bar, 600 Kingsland Road, London E8 4AH, UK"
"558","30.8740806","-85.80766","APPROXIMATE","Holmes County, FL, USA"
"559","30.8740806","-85.80766","APPROXIMATE","Holmes County, FL, USA"
"560","30.8740806","-85.80766","APPROXIMATE","Holmes County, FL, USA"
"561","27.6947732","-80.543845","APPROXIMATE","Indian River County, FL, USA"
"562","27.658316","-80.393069","APPROXIMATE","Indian River Medical Center, 1000 36th Street, Vero Beach, FL 32960, USA"
"563",NA,NA,NA,NA
"564",NA,NA,NA,NA
"565",NA,NA,NA,NA
"566",NA,NA,NA,NA
"567",NA,NA,NA,NA
"568",NA,NA,NA,NA
"569",NA,NA,NA,NA
"570",NA,NA,NA,NA
"571",NA,NA,NA,NA
"572",NA,NA,NA,NA
"573","27.6947732","-80.543845","APPROXIMATE","Indian River County, FL, USA"
"574","27.6947732","-80.543845","APPROXIMATE","Indian River County, FL, USA"
"575","27.6035172","-80.4103391","GEOMETRIC_CENTER","1st Street, Vero Beach, FL, USA"
"576","27.6947732","-80.543845","APPROXIMATE","Indian River County, FL, USA"
"577","27.6947732","-80.543845","APPROXIMATE","Indian River County, FL, USA"
"578","30.7150882","-85.1894045","APPROXIMATE","Jackson County, FL, USA"
"579","30.7150882","-85.1894045","APPROXIMATE","Jackson County, FL, USA"
"580","30.7743596","-85.2268735","APPROXIMATE","Marianna, FL, USA"
"581","30.7150882","-85.1894045","APPROXIMATE","Jackson County, FL, USA"
"582","30.7833173","-85.2827444","APPROXIMATE","New Hope Baptist Church of Marianna, Florida 32448, USA"
"583",NA,NA,NA,NA
"584",NA,NA,NA,NA
"585",NA,NA,NA,NA
"586",NA,NA,NA,NA
"587",NA,NA,NA,NA
"588",NA,NA,NA,NA
"589",NA,NA,NA,NA
"590","30.4311978","-83.8897057","APPROXIMATE","Jefferson County, FL, USA"
"591","30.4311978","-83.8897057","APPROXIMATE","Jefferson County School District, USA"
"592","30.4311978","-83.8897057","APPROXIMATE","Jefferson County, FL, USA"
"593","30.4311978","-83.8897057","APPROXIMATE","Jefferson County, FL, USA"
"594","30.4311978","-83.8897057","APPROXIMATE","Jefferson County, FL, USA"
"595","30.4311978","-83.8897057","APPROXIMATE","Jefferson County, FL, USA"
"596","32.3918444","-99.7705","GEOMETRIC_CENTER","Carrie Ann, Abilene, TX 79606, USA"
"597","30.4311978","-83.8897057","APPROXIMATE","Jefferson County, FL, USA"
"598","30.4311978","-83.8897057","APPROXIMATE","Jefferson County, FL, USA"
"599","30.4311978","-83.8897057","APPROXIMATE","Jefferson County, FL, USA"
"600",NA,NA,NA,NA
"601",NA,NA,NA,NA
"602",NA,NA,NA,NA
"603",NA,NA,NA,NA
"604","30.4311978","-83.8897057","APPROXIMATE","Jefferson County, FL, USA"
"605","30.4311978","-83.8897057","APPROXIMATE","Jefferson County, FL, USA"
"606","30.4311978","-83.8897057","APPROXIMATE","Jefferson County, FL, USA"
"607","30.4311978","-83.8897057","APPROXIMATE","Jefferson County, FL, USA"
"608","30.4311978","-83.8897057","APPROXIMATE","Jefferson County, FL, USA"
"609","30.47786","-83.894219","APPROXIMATE","A Campers World, 397 Campground, Monticello, FL 32336, USA"
"610","30.47793","-83.9202994","GEOMETRIC_CENTER","KOA Road, Monticello, FL 32344, USA"
"611","30.4311978","-83.8897057","APPROXIMATE","Jefferson County, FL, USA"
"612","30.4311978","-83.8897057","APPROXIMATE","Jefferson County, FL, USA"
"613","30.4311978","-83.8897057","APPROXIMATE","Jefferson County, FL, USA"
"614",NA,NA,NA,NA
"615",NA,NA,NA,NA
"616",NA,NA,NA,NA
"617",NA,NA,NA,NA
"618",NA,NA,NA,NA
"619",NA,NA,NA,NA
"620",NA,NA,NA,NA
"621",NA,NA,NA,NA
"622",NA,NA,NA,NA
"623",NA,NA,NA,NA
"624","13.1615953","77.629728","APPROXIMATE","Subs Nagar, Chikkajala, Bengaluru, Karnataka 562157, India"
"625","30.0958285","-83.180282","GEOMETRIC_CENTER","Northwest Riverbank Road, Mayo, FL 32066, USA"
"626","30.0299573","-83.2077645","APPROXIMATE","Lafayette County, FL, USA"
"627","30.0299573","-83.2077645","APPROXIMATE","Lafayette County, FL, USA"
"628","28.8527675","-81.6853534","APPROXIMATE","Eustis, FL, USA"
"629","28.5517827","-81.709175","APPROXIMATE","Lake-Sumter Community College, UCF South Lake, 1250 North Hancock Road, Clermont, FL 34711, USA"
"630","28.8359123","-81.8947211","APPROXIMATE","Lifestream Behavioral Center, Leesburg, FL 34748, USA"
"631","28.702847","-81.7787021","APPROXIMATE","Lake County, FL, USA"
"632","28.8041579","-81.725632","APPROXIMATE","Tavares, FL, USA"
"633","28.702847","-81.7787021","APPROXIMATE","Lake County, FL, USA"
"634",NA,NA,NA,NA
"635",NA,NA,NA,NA
"636",NA,NA,NA,NA
"637",NA,NA,NA,NA
"638",NA,NA,NA,NA
"639",NA,NA,NA,NA
"640",NA,NA,NA,NA
"641","28.862901","-81.663886","APPROXIMATE","Eustis Housing Authority, 1000 Wall Street, Eustis, FL 32726, USA"
"642","28.716654","-81.77882","APPROXIMATE","Lake County-Community Education, 525 North Georgia Avenue, Howey In Hills, FL 34737, USA"
"643","28.801728","-81.72981","APPROXIMATE","Lake County Commissioners, 315 West Main Street, Tavares, FL 32778, USA"
"644","28.7139939","-81.7745339","APPROXIMATE","Howey-in-the-Hills, FL 34737, USA"
"645","28.702847","-81.7787021","APPROXIMATE","Lake County, FL, USA"
"646","28.9294316","-81.6656305","APPROXIMATE","Umatilla, FL 32784, USA"
"647","28.702847","-81.7787021","APPROXIMATE","Lake County, FL, USA"
"648","26.0542796","-98.3588056","GEOMETRIC_CENTER","Walt Disney, Lomas de Jarachina, 88730 Reynosa, Tamaulipas, Mexico"
"649","28.702847","-81.7787021","APPROXIMATE","Lake County, FL, USA"
"650","28.702847","-81.7787021","APPROXIMATE","Lake County, FL, USA"
"651",NA,NA,NA,NA
"652",NA,NA,NA,NA
"653",NA,NA,NA,NA
"654",NA,NA,NA,NA
"655",NA,NA,NA,NA
"656","28.702847","-81.7787021","APPROXIMATE","Lake County, FL, USA"
"657","28.5494447","-81.7728543","APPROXIMATE","Clermont, FL, USA"
"658","26.6630286","-81.9534815","APPROXIMATE","Lee County, FL, USA"
"659","26.6630286","-81.9534815","APPROXIMATE","Lee County, FL, USA"
"660","26.4713134","-81.7693172","APPROXIMATE","Bldg G, Florida Gulf Coast University, Florida 33913, USA"
"661","26.633063","-81.86385","APPROXIMATE","Salvation Army, 2400 Edison Avenue, Fort Myers, FL 33901, USA"
"662","26.6630286","-81.9534815","APPROXIMATE","Lee County, FL, USA"
"663",NA,NA,NA,NA
"664","26.4640491","-81.7736279","APPROXIMATE","Florida Gulf Coast University, 10501 FGCU Boulevard South, Fort Myers, FL 33965, USA"
"665","26.6630286","-81.9534815","APPROXIMATE","Lee County, FL, USA"
"666",NA,NA,NA,NA
"667",NA,NA,NA,NA
"668",NA,NA,NA,NA
"669",NA,NA,NA,NA
"670",NA,NA,NA,NA
"671",NA,NA,NA,NA
"672",NA,NA,NA,NA
"673",NA,NA,NA,NA
"674",NA,NA,NA,NA
"675",NA,NA,NA,NA
"676","26.6630286","-81.9534815","APPROXIMATE","Lee County, FL, USA"
"677","26.4585334","-81.7930737","APPROXIMATE","ECO-TECH Home Inspection Fort Myers, 19340 Pine Run Lane, Fort Myers, FL 33967, USA"
"678","26.6630286","-81.9534815","APPROXIMATE","Lee County, FL, USA"
"679","26.6630286","-81.9534815","APPROXIMATE","Lee County, FL, USA"
"680","26.5363758","-81.8439845","GEOMETRIC_CENTER","Miracle Parkway, Fort Myers, FL 33912, USA"
"681","26.6630286","-81.9534815","APPROXIMATE","Lee County, FL, USA"
"682","30.4660482","-84.2877462","APPROXIMATE","Florida Department of Business & Professional Regulation, Northwood Associates, 1940 North Monroe Street, Tallahassee, FL 32303, USA"
"683","30.476156","-84.231402","APPROXIMATE","Capital Regional Medical Center, 2626 Capital Medical Boulevard, Tallahassee, FL 32308, USA"
"684","30.4906177","-84.1857115","APPROXIMATE","Leon County, FL, USA"
"685","30.4572565","-84.2617464","APPROXIMATE","Tallahassee Memorial HealthCare, 1300 Miccosukee Road, Tallahassee, FL 32308, USA"
"686",NA,NA,NA,NA
"687",NA,NA,NA,NA
"688",NA,NA,NA,NA
"689",NA,NA,NA,NA
"690",NA,NA,NA,NA
"691",NA,NA,NA,NA
"692",NA,NA,NA,NA
"693",NA,NA,NA,NA
"694",NA,NA,NA,NA
"695","30.3140907","-84.2468413","APPROXIMATE","Woodville Elementary School, Woodville, FL 32305, USA"
"696","30.44029","-84.290311","APPROXIMATE","Florida State University, 540 West Jefferson Street, Tallahassee, FL 32301, USA"
"697","30.4906177","-84.1857115","APPROXIMATE","Leon County, FL, USA"
"698","30.4570763","-84.2621015","APPROXIMATE","North Florida Women's Care: Franz Alex DO, 1401 Centerville Road, Tallahassee, FL 32308, USA"
"699","30.4906177","-84.1857115","APPROXIMATE","Leon County, FL, USA"
"700","30.4906177","-84.1857115","APPROXIMATE","Leon County, FL, USA"
"701","30.4906177","-84.1857115","APPROXIMATE","Leon County, FL, USA"
"702","30.4906177","-84.1857115","APPROXIMATE","Leon County, FL, USA"
"703","30.4906177","-84.1857115","APPROXIMATE","Leon County, FL, USA"
"704","30.4906177","-84.1857115","APPROXIMATE","Leon County, FL, USA"
"705",NA,NA,NA,NA
"706",NA,NA,NA,NA
"707",NA,NA,NA,NA
"708",NA,NA,NA,NA
"709",NA,NA,NA,NA
"710",NA,NA,NA,NA
"711",NA,NA,NA,NA
"712","29.3178545","-82.820974","APPROXIMATE","Levy County, FL, USA"
"713","29.3178545","-82.820974","APPROXIMATE","Levy County, FL, USA"
"714","29.3178545","-82.820974","APPROXIMATE","Levy County, FL, USA"
"715","48.3705449","10.89779","APPROXIMATE","Augsburg, Germany"
"716","29.3178545","-82.820974","APPROXIMATE","Levy County, FL, USA"
"717","29.3178545","-82.820974","APPROXIMATE","Levy County, FL, USA"
"718","29.3178545","-82.820974","APPROXIMATE","Levy County, FL, USA"
"719","29.3178545","-82.820974","APPROXIMATE","Levy County, FL, USA"
"720","29.3178545","-82.820974","APPROXIMATE","Levy County, FL, USA"
"721","29.3178545","-82.820974","APPROXIMATE","Levy County, FL, USA"
"722",NA,NA,NA,NA
"723",NA,NA,NA,NA
"724",NA,NA,NA,NA
"725",NA,NA,NA,NA
"726",NA,NA,NA,NA
"727",NA,NA,NA,NA
"728",NA,NA,NA,NA
"729","30.1507777","-84.8567932","APPROXIMATE","Liberty County, FL, USA"
"730","30.1507777","-84.8567932","APPROXIMATE","Liberty County, FL, USA"
"731","30.1507777","-84.8567932","APPROXIMATE","Liberty County, FL, USA"
"732","30.1507777","-84.8567932","APPROXIMATE","Liberty County, FL, USA"
"733","30.1507777","-84.8567932","APPROXIMATE","Liberty County, FL, USA"
"734","30.1507777","-84.8567932","APPROXIMATE","Liberty County, FL, USA"
"735","30.4261424","-84.9815547","APPROXIMATE","Liberty County School Board, 12926 County Road 12, Bristol, FL 32321, USA"
"736","30.1507777","-84.8567932","APPROXIMATE","Liberty County, FL, USA"
"737","30.4303245","-84.9564101","GEOMETRIC_CENTER","NorthWest Twin Oaks Drive, Bristol, FL 32321, USA"
"738","30.1507777","-84.8567932","APPROXIMATE","Liberty County, FL, USA"
"739",NA,NA,NA,NA
"740",NA,NA,NA,NA
"741",NA,NA,NA,NA
"742",NA,NA,NA,NA
"743",NA,NA,NA,NA
"744",NA,NA,NA,NA
"745",NA,NA,NA,NA
"746",NA,NA,NA,NA
"747",NA,NA,NA,NA
"748",NA,NA,NA,NA
"749",NA,NA,NA,NA
"750","30.4586334","-83.5070203","APPROXIMATE","Madison County, FL, USA"
"751","30.4586334","-83.5070203","APPROXIMATE","Madison County, FL, USA"
"752","30.4586334","-83.5070203","APPROXIMATE","Madison County, FL, USA"
"753","30.4586334","-83.5070203","APPROXIMATE","Madison County, FL, USA"
"754","30.4586334","-83.5070203","APPROXIMATE","Madison County, FL, USA"
"755","30.4705121","-83.411484","APPROXIMATE","Madison County Memorial Hospital, 309 Northeast Marion Street, Madison, FL 32340, USA"
"756","30.4586334","-83.5070203","APPROXIMATE","Madison County, FL, USA"
"757","30.4586334","-83.5070203","APPROXIMATE","Madison County, FL, USA"
"758","30.4586334","-83.5070203","APPROXIMATE","Madison County, FL, USA"
"759","27.4799195","-82.345189","APPROXIMATE","Manatee County, FL, USA"
"760",NA,NA,NA,NA
"761",NA,NA,NA,NA
"762",NA,NA,NA,NA
"763",NA,NA,NA,NA
"764",NA,NA,NA,NA
"765",NA,NA,NA,NA
"766",NA,NA,NA,NA
"767",NA,NA,NA,NA
"768",NA,NA,NA,NA
"769","27.5055418","-82.5483422","APPROXIMATE","Manatee River, Florida, USA"
"770","27.4799195","-82.345189","APPROXIMATE","Manatee County, FL, USA"
"771","27.4830468","-82.5283705","APPROXIMATE","Pirate City, 1701 27th Street East, Bradenton, FL 34208, USA"
"772","27.4799195","-82.345189","APPROXIMATE","Manatee County, FL, USA"
"773","27.4799195","-82.345189","APPROXIMATE","Manatee County, FL, USA"
"774","27.4799195","-82.345189","APPROXIMATE","Manatee County, FL, USA"
"775","27.4799195","-82.345189","APPROXIMATE","Manatee County, FL, USA"
"776","27.4825398","-82.6233574","APPROXIMATE","Blake Medical Center, 2020 59th Street West, Bradenton, FL 34209, USA"
"777","27.4787802","-82.6233699","APPROXIMATE","Coastal Orthopedics, 6015 Pointe West Boulevard #200, Bradenton, FL 34209, USA"
"778","27.395444","-82.554389","APPROXIMATE","Sarasota-Bradenton International Airport (SRQ), 6000 Airport Circle, Sarasota, FL 34243, USA"
"779",NA,NA,NA,NA
"780",NA,NA,NA,NA
"781",NA,NA,NA,NA
"782",NA,NA,NA,NA
"783",NA,NA,NA,NA
"784",NA,NA,NA,NA
"785",NA,NA,NA,NA
"786",NA,NA,NA,NA
"787","29.2787765","-82.12784","APPROXIMATE","Marion County, FL, USA"
"788","29.2787765","-82.12784","APPROXIMATE","Marion County, FL, USA"
"789","27.6648274","-81.5157535","APPROXIMATE","Florida, USA"
"790","29.2787765","-82.12784","APPROXIMATE","Marion County, FL, USA"
"791","29.2787765","-82.12784","APPROXIMATE","Marion County, FL, USA"
"792","29.2787765","-82.12784","APPROXIMATE","Marion County, FL, USA"
"793","29.1827324","-82.1331052","APPROXIMATE","Marion County Public Schools, 420 Southeast 4th Avenue, Ocala, FL 34471, USA"
"794","29.1871986","-82.1400923","APPROXIMATE","Ocala, FL, USA"
"795","29.2787765","-82.12784","APPROXIMATE","Marion County, FL, USA"
"796","29.1556578","-82.1705648","APPROXIMATE","The Vines Hospital of Ocala, 3130 Southwest 27th Avenue, Ocala, FL 34471, USA"
"797",NA,NA,NA,NA
"798",NA,NA,NA,NA
"799",NA,NA,NA,NA
"800",NA,NA,NA,NA
"801",NA,NA,NA,NA
"802",NA,NA,NA,NA
"803",NA,NA,NA,NA
"804",NA,NA,NA,NA
"805",NA,NA,NA,NA
"806","29.2787765","-82.12784","APPROXIMATE","Marion County, FL, USA"
"807","29.1901438","-82.137043","APPROXIMATE","Salvation Army, 330 North Magnolia Avenue, Ocala, FL 34475, USA"
"808","27.1800721","-80.2500629","APPROXIMATE","Children's Services Council of Martin County, 101 Southeast Central Parkway, Stuart, FL 34994, USA"
"809","27.0804935","-80.4103957","APPROXIMATE","Martin County, FL, USA"
"810","27.173078","-80.307048","GEOMETRIC_CENTER","Southwest Sandhill Road, Palm City, FL 34990, USA"
"811","27.0804935","-80.4103957","APPROXIMATE","Martin County, FL, USA"
"812","27.0804935","-80.4103957","APPROXIMATE","Martin County, FL, USA"
"813","27.0804935","-80.4103957","APPROXIMATE","Martin County, FL, USA"
"814","27.0804935","-80.4103957","APPROXIMATE","Martin County, FL, USA"
"815","27.0804935","-80.4103957","APPROXIMATE","Martin County, FL, USA"
"816",NA,NA,NA,NA
"817",NA,NA,NA,NA
"818",NA,NA,NA,NA
"819",NA,NA,NA,NA
"820",NA,NA,NA,NA
"821",NA,NA,NA,NA
"822",NA,NA,NA,NA
"823",NA,NA,NA,NA
"824",NA,NA,NA,NA
"825","27.0804935","-80.4103957","APPROXIMATE","Martin County, FL, USA"
"826","27.021408","-80.465285","APPROXIMATE","Jesus House of Hope Indiantown, 15516 Southwest Osceola Street, Indiantown, FL 34956, USA"
"827","25.7890972","-80.2040435","APPROXIMATE","Miami, FL, USA"
"828","25.7810555","-80.1964965","APPROXIMATE","Miami-Dade Transit, 701 Northwest 1st Court #1700, Miami, FL 33136, USA"
"829","25.7890972","-80.2040435","APPROXIMATE","Miami, FL, USA"
"830","25.7906609","-80.206722","APPROXIMATE","Camillus House, 1603 Northwest 7th Avenue, Miami, FL 33136, USA"
"831","25.7890972","-80.2040435","APPROXIMATE","Miami, FL, USA"
"832","25.77759","-80.191225","APPROXIMATE","Miami Dade College - Wolfson Campus, 300 Northeast 2nd Avenue, Miami, FL 33132, USA"
"833","25.813346","-80.139256","APPROXIMATE","Neytman Gene DO, 4300 Alton Road, Miami, FL 33140, USA"
"834","25.7890972","-80.2040435","APPROXIMATE","Miami, FL, USA"
"835",NA,NA,NA,NA
"836",NA,NA,NA,NA
"837",NA,NA,NA,NA
"838",NA,NA,NA,NA
"839",NA,NA,NA,NA
"840",NA,NA,NA,NA
"841",NA,NA,NA,NA
"842","25.7950509","-80.2785888","ROOFTOP","Hotel Bar, Miami International Airport (MIA), Florida 33126, USA"
"843","25.7890972","-80.2040435","APPROXIMATE","Miami, FL, USA"
"844","25.8067313","-80.2654241","APPROXIMATE","Miami-Dade Aviation Department, Miami International Airport (MIA), 4200 Northwest 36th Street, Miami, FL 33166, USA"
"845","25.7890972","-80.2040435","APPROXIMATE","Miami, FL, USA"
"846","25.7890972","-80.2040435","APPROXIMATE","Miami, FL, USA"
"847","25.7890972","-80.2040435","APPROXIMATE","Miami, FL, USA"
"848","25.672906","-80.441377","APPROXIMATE","Miami Dade County, Hammocks Plaza, 10201 Hammocks Boulevard, Miami, FL 33196, USA"
"849","25.7890972","-80.2040435","APPROXIMATE","Miami, FL, USA"
"850","37.5703377","-101.7506777","APPROXIMATE","Johnson City, KS 67855, USA"
"851","25.9200508","-80.2557707","APPROXIMATE","Saint Thomas University, 16401 NW 37 Ave, Miami Gardens, FL 33054, USA"
"852",NA,NA,NA,NA
"853","25.7890972","-80.2040435","APPROXIMATE","Miami, FL, USA"
"854","25.7890972","-80.2040435","APPROXIMATE","Miami, FL, USA"
"855","25.9174268","-80.2688517","APPROXIMATE","Florida Memorial University, 15800 Northwest 42nd Avenue, Miami Gardens, FL 33054, USA"
"856","25.8900949","-80.1867138","APPROXIMATE","North Miami, FL, USA"
"857","25.7890972","-80.2040435","APPROXIMATE","Miami, FL, USA"
"858","25.7701054","-80.3671837","APPROXIMATE","Florida International University - Engineering Center, 10555 West Flagler Street, Miami, FL 33174, USA"
"859","25.792321","-80.1360178","APPROXIMATE","Care Resource / Dr. Klara Gershman, MD, 777 17th Street #400, Miami Beach, FL 33139, USA"
"860","25.5762871","-80.3400231","APPROXIMATE","Healthsouth Rehabilitation Center, 20601 Old Cutler Road, Cutler Bay, FL 33189, USA"
"861","25.7890972","-80.2040435","APPROXIMATE","Miami, FL, USA"
"862","25.7890972","-80.2040435","APPROXIMATE","Miami, FL, USA"
"863",NA,NA,NA,NA
"864",NA,NA,NA,NA
"865",NA,NA,NA,NA
"866",NA,NA,NA,NA
"867",NA,NA,NA,NA
"868",NA,NA,NA,NA
"869","24.5506775","-81.7971614","APPROXIMATE","Florida Keys Healthy Start Coalition, 1100 Simonton Street, Key West, FL 33040, USA"
"870","24.5557001","-81.7825985","APPROXIMATE","Monroe County, FL, USA"
"871","24.5550593","-81.7799871","APPROXIMATE","Key West, FL 33040, USA"
"872","24.5557001","-81.7825985","APPROXIMATE","Monroe County, FL, USA"
"873","24.5557001","-81.7825985","APPROXIMATE","Monroe County, FL, USA"
"874","24.750118","-80.9876792","APPROXIMATE","Marathon, FL 33050, USA"
"875","24.9242943","-80.6278364","APPROXIMATE","Islamorada, FL, USA"
"876","24.5557001","-81.7825985","APPROXIMATE","Monroe County, FL, USA"
"877",NA,NA,NA,NA
"878","24.5557001","-81.7825985","APPROXIMATE","Monroe County, FL, USA"
"879",NA,NA,NA,NA
"880",NA,NA,NA,NA
"881",NA,NA,NA,NA
"882",NA,NA,NA,NA
"883",NA,NA,NA,NA
"884",NA,NA,NA,NA
"885",NA,NA,NA,NA
"886",NA,NA,NA,NA
"887",NA,NA,NA,NA
"888",NA,NA,NA,NA
"889","30.5927334","-81.8224362","APPROXIMATE","Nassau County, FL, USA"
"890","30.6530838","-81.4486039","APPROXIMATE","Baptist Medical Center Nassau, 1250 South 18th Street, Fernandina Beach, FL 32034, USA"
"891","30.5927334","-81.8224362","APPROXIMATE","Nassau County, FL, USA"
"892","30.6311044","-81.6022601","APPROXIMATE","Sutton Place Behavioral Health, 463142 Florida 200, Yulee, FL 32097, USA"
"893","30.55839","-81.829305","APPROXIMATE","Nassau County Tax Collector, 45401 South Mickler Street, Callahan, FL 32011, USA"
"894","30.5927334","-81.8224362","APPROXIMATE","Nassau County, FL, USA"
"895","30.5927334","-81.8224362","APPROXIMATE","Nassau County, FL, USA"
"896","30.6720061","-81.4545276","APPROXIMATE","Nassau County School District, 1201 Atlantic Avenue, Fernandina Beach, FL 32034, USA"
"897","30.626422","-81.536073","APPROXIMATE","Nassau County Fire & Rescue, 96160 Nassau Place, Yulee, FL 32097, USA"
"898","30.5927334","-81.8224362","APPROXIMATE","Nassau County, FL, USA"
"899",NA,NA,NA,NA
"900",NA,NA,NA,NA
"901",NA,NA,NA,NA
"902",NA,NA,NA,NA
"903",NA,NA,NA,NA
"904",NA,NA,NA,NA
"905",NA,NA,NA,NA
"906",NA,NA,NA,NA
"907",NA,NA,NA,NA
"908","30.790681","-86.554257","APPROXIMATE","Okaloosa County, 1445 Commerce Drive, Crestview, FL 32539, USA"
"909","30.3935337","-86.4957833","APPROXIMATE","Destin, FL, USA"
"910","30.5773401","-86.6611083","APPROXIMATE","Okaloosa County, FL, USA"
"911","30.5773401","-86.6611083","APPROXIMATE","Okaloosa County, FL, USA"
"912","30.5773401","-86.6611083","APPROXIMATE","Okaloosa County, FL, USA"
"913","30.5773401","-86.6611083","APPROXIMATE","Okaloosa County, FL, USA"
"914","30.7611484","-86.6611083","APPROXIMATE","Okaloosa County School District, USA"
"915","30.4200708","-86.6170308","APPROXIMATE","Fort Walton Beach, FL, USA"
"916","30.5773401","-86.6611083","APPROXIMATE","Okaloosa County, FL, USA"
"917","30.5773401","-86.6611083","APPROXIMATE","Okaloosa County, FL, USA"
"918",NA,NA,NA,NA
"919",NA,NA,NA,NA
"920",NA,NA,NA,NA
"921",NA,NA,NA,NA
"922",NA,NA,NA,NA
"923",NA,NA,NA,NA
"924",NA,NA,NA,NA
"925",NA,NA,NA,NA
"926","27.3462015","-80.8986502","APPROXIMATE","Okeechobee County, FL, USA"
"927","27.3462015","-80.8986502","APPROXIMATE","Okeechobee County, FL, USA"
"928","27.2439349","-80.8297828","APPROXIMATE","Okeechobee, FL, USA"
"929","27.3462015","-80.8986502","APPROXIMATE","Okeechobee County, FL, USA"
"930","27.3462015","-80.8986502","APPROXIMATE","Okeechobee County, FL, USA"
"931","27.3462015","-80.8986502","APPROXIMATE","Okeechobee County, FL, USA"
"932","27.26269","-80.8314291","APPROXIMATE","Dr. Fred Brown Children's Health Center, 2015 U.S. 441, Okeechobee, FL 34972, USA"
"933","41.3317606","-74.35682","APPROXIMATE","Florida, NY, USA"
"934","28.6024276","-81.2000599","APPROXIMATE","University of Central Florida, 4000 Central Florida Blvd, Orlando, FL 32816, USA"
"935","41.3317606","-74.35682","APPROXIMATE","Florida, NY, USA"
"936",NA,NA,NA,NA
"937",NA,NA,NA,NA
"938",NA,NA,NA,NA
"939",NA,NA,NA,NA
"940",NA,NA,NA,NA
"941",NA,NA,NA,NA
"942",NA,NA,NA,NA
"943",NA,NA,NA,NA
"944","41.3317606","-74.35682","APPROXIMATE","Florida, NY, USA"
"945","28.6316655","-81.3442351","APPROXIMATE","Dommerich Elementary School, Maitland, FL 32751, USA"
"946","28.5410396","-81.3791409","APPROXIMATE","Government of Puerto Rico, 400 Orange Avenue, Orlando, FL 32801, USA"
"947","28.5383355","-81.3792365","APPROXIMATE","Orlando, FL, USA"
"948",NA,NA,NA,NA
"949","41.3317606","-74.35682","APPROXIMATE","Florida, NY, USA"
"950","41.3317606","-74.35682","APPROXIMATE","Florida, NY, USA"
"951","28.5655564","-81.2595115","APPROXIMATE","Saint Michaels Episcopal Church, Florida 32825, USA"
"952","41.3317606","-74.35682","APPROXIMATE","Florida, NY, USA"
"953","41.3317606","-74.35682","APPROXIMATE","Florida, NY, USA"
"954",NA,NA,NA,NA
"955",NA,NA,NA,NA
"956",NA,NA,NA,NA
"957",NA,NA,NA,NA
"958",NA,NA,NA,NA
"959",NA,NA,NA,NA
"960","28.1019838","-81.0754657","APPROXIMATE","Osceola County, FL, USA"
"961","28.2919557","-81.407571","APPROXIMATE","Kissimmee, FL, USA"
"962","28.2489016","-81.2811801","APPROXIMATE","St. Cloud, FL, USA"
"963","28.1019838","-81.0754657","APPROXIMATE","Osceola County, FL, USA"
"964","28.1019838","-81.0754657","APPROXIMATE","Osceola County, FL, USA"
"965","28.313558","-81.4062101","GEOMETRIC_CENTER","Park Place Boulevard, Kissimmee, FL 34741, USA"
"966","28.2514193","-81.4903969","GEOMETRIC_CENTER","Robert McLane Boulevard, Kissimmee, FL 34758, USA"
"967","28.1019838","-81.0754657","APPROXIMATE","Osceola County, FL, USA"
"968","28.1019838","-81.0754657","APPROXIMATE","Osceola County, FL, USA"
"969","28.1019838","-81.0754657","APPROXIMATE","Osceola County, FL, USA"
"970","28.1019838","-81.0754657","APPROXIMATE","Osceola County, FL, USA"
"971","28.3290574","-81.5342343","APPROXIMATE","Disney, 200 Celebration Place, Celebration, FL 34747, USA"
"972","28.1019838","-81.0754657","APPROXIMATE","Osceola County, FL, USA"
"973","28.1019838","-81.0754657","APPROXIMATE","Osceola County, FL, USA"
"974",NA,NA,NA,NA
"975",NA,NA,NA,NA
"976",NA,NA,NA,NA
"977",NA,NA,NA,NA
"978",NA,NA,NA,NA
"979",NA,NA,NA,NA
"980",NA,NA,NA,NA
"981",NA,NA,NA,NA
"982","28.1019838","-81.0754657","APPROXIMATE","Osceola County, FL, USA"
"983","28.1019838","-81.0754657","APPROXIMATE","Osceola County, FL, USA"
"984","28.143834","-81.474739","APPROXIMATE","Poinciana Medical Center, Poinciana, FL 34759, USA"
"985","28.2489016","-81.2811801","APPROXIMATE","St. Cloud, FL, USA"
"986","28.1019838","-81.0754657","APPROXIMATE","Osceola County, FL, USA"
"987","28.1019838","-81.0754657","APPROXIMATE","Osceola County, FL, USA"
"988","26.7006395","-80.0363577","GEOMETRIC_CENTER","South County Road, Palm Beach, FL 33480, USA"
"989","26.6514503","-80.2767327","APPROXIMATE","Palm Beach County, FL, USA"
"990","26.8911801","-80.1161727","APPROXIMATE","Roger Dean Stadium, 4751 Main Street, Jupiter, FL 33458, USA"
"991","26.6514503","-80.2767327","APPROXIMATE","Palm Beach County, FL, USA"
"992",NA,NA,NA,NA
"993",NA,NA,NA,NA
"994",NA,NA,NA,NA
"995",NA,NA,NA,NA
"996",NA,NA,NA,NA
"997",NA,NA,NA,NA
"998","26.6514503","-80.2767327","APPROXIMATE","Palm Beach County, FL, USA"
"999","26.7056206","-80.0364297","APPROXIMATE","Palm Beach, FL, USA"
"1000","26.5317866","-80.0905465","APPROXIMATE","Boynton Beach, FL, USA"
"1001","26.6514503","-80.2767327","APPROXIMATE","Palm Beach County, FL, USA"
"1002","26.6945025","-80.0357741","GEOMETRIC_CENTER","South County Road, Palm Beach, FL 33480, USA"
"1003","26.6514503","-80.2767327","APPROXIMATE","Palm Beach County, FL, USA"
"1004","26.6514503","-80.2767327","APPROXIMATE","Palm Beach County, FL, USA"
"1005","26.7152635","-80.1048126","APPROXIMATE","DeVos Graduate School - West Palm Beach, FL, Northwood University - West Palm Beach Campus, 2600 N Military Trail, West Palm Beach, FL 33409, USA"
"1006","26.7153424","-80.0533746","APPROXIMATE","West Palm Beach, FL, USA"
"1007","26.6514503","-80.2767327","APPROXIMATE","Palm Beach County, FL, USA"
"1008","26.9342246","-80.0942087","APPROXIMATE","Jupiter, FL, USA"
"1009","26.3587487","-80.1020268","APPROXIMATE","Boca Raton Regional Hospital, 800 Meadows Road, Boca Raton, FL 33486, USA"
"1010","28.2607038","-82.1856385","APPROXIMATE","Florida Hospital Zephyrhills, 7050 Gall Boulevard, Zephyrhills, FL 33541, USA"
"1011","28.3232418","-82.4319405","APPROXIMATE","Pasco County, FL, USA"
"1012","28.3482543","-82.2002807","APPROXIMATE","Pasco Regional Medical Center, 13100 Fort King Road, Dade City, FL 33525, USA"
"1013","28.3287021","-82.6099568","APPROXIMATE","District School Board-Pasco, 11835 Tree Breeze Drive, New Port Richey, FL 34654, USA"
"1014","28.2763726","-82.6375402","APPROXIMATE","Barry University, ACE (At Pasco Hernando Community College), Port Richey, FL 34654, USA"
"1015","28.189589","-82.7242","APPROXIMATE","Rasmussen College, Pasco County, 2127 Grand Boulevard, Holiday, FL 34690, USA"
"1016",NA,NA,NA,NA
"1017",NA,NA,NA,NA
"1018",NA,NA,NA,NA
"1019",NA,NA,NA,NA
"1020",NA,NA,NA,NA
"1021",NA,NA,NA,NA
"1022",NA,NA,NA,NA
"1023","28.3232418","-82.4319405","APPROXIMATE","Pasco County, FL, USA"
"1024","28.3232418","-82.4319405","APPROXIMATE","Pasco County, FL, USA"
"1025","28.3232418","-82.4319405","APPROXIMATE","Pasco County, FL, USA"
"1026","28.3232418","-82.4319405","APPROXIMATE","Pasco County, FL, USA"
"1027",NA,NA,NA,NA
"1028","28.3232418","-82.4319405","APPROXIMATE","Pasco County, FL, USA"
"1029","28.2031072","-82.6434505","APPROXIMATE","Longleaf Learning Center, 3035 Alachua Place, Port Richey, FL 34655, USA"
"1030","28.2960026","-82.4936243","APPROXIMATE","Creative World School, 9511 Land O' Lakes Boulevard, Land O' Lakes, FL 34638, USA"
"1031","28.3232418","-82.4319405","APPROXIMATE","Pasco County, FL, USA"
"1032","28.3232418","-82.4319405","APPROXIMATE","Pasco County, FL, USA"
"1033",NA,NA,NA,NA
"1034",NA,NA,NA,NA
"1035",NA,NA,NA,NA
"1036",NA,NA,NA,NA
"1037",NA,NA,NA,NA
"1038",NA,NA,NA,NA
"1039",NA,NA,NA,NA
"1040",NA,NA,NA,NA
"1041",NA,NA,NA,NA
"1042","27.773056","-82.64","APPROXIMATE","St. Petersburg, FL, USA"
"1043","27.770595","-82.677243","APPROXIMATE","Grand Central Station - I, St. Petersburg, FL 33712, USA"
"1044","27.9658533","-82.8001026","APPROXIMATE","Clearwater, FL, USA"
"1045","27.9138065","-82.7921742","APPROXIMATE","Pinellas County Schools, 301 4th Street Southwest, Largo, FL 33770, USA"
"1046","27.7567012","-82.7176614","ROOFTOP","Government Documents, Gulfport, FL 33707, USA"
"1047","27.876394","-82.7778579","APPROXIMATE","Pinellas County, FL, USA"
"1048","27.7565802","-82.7182853","APPROXIMATE","Stetson University College of Law, 1401 61st Street South, Gulfport, FL 33707, USA"
"1049","45.194469","-92.4064641","GEOMETRIC_CENTER","H, Wisconsin, USA"
"1050","27.876394","-82.7778579","APPROXIMATE","Pinellas County, FL, USA"
"1051","27.9094665","-82.7873244","APPROXIMATE","Largo, FL, USA"
"1052",NA,NA,NA,NA
"1053",NA,NA,NA,NA
"1054",NA,NA,NA,NA
"1055",NA,NA,NA,NA
"1056",NA,NA,NA,NA
"1057",NA,NA,NA,NA
"1058",NA,NA,NA,NA
"1059","27.8617347","-81.6911559","APPROXIMATE","Polk County, FL, USA"
"1060","27.8617347","-81.6911559","APPROXIMATE","Polk County, FL, USA"
"1061","27.8617347","-81.6911559","APPROXIMATE","Polk County, FL, USA"
"1062","27.8617347","-81.6911559","APPROXIMATE","Polk County, FL, USA"
"1063","28.1582404","-81.8147499","APPROXIMATE","Fantasy of Flight DC-3, Interstate 4, Florida 33868, USA"
"1064","27.8956723","-81.9754446","GEOMETRIC_CENTER","West Badcock Boulevard, Mulberry, FL 33860, USA"
"1065","28.0608929","-81.953965","APPROXIMATE","Lakeland Regional Medical Center, 1324 Lakeland Hills Boulevard, Lakeland, FL 33805, USA"
"1066","28.0317597","-81.9459801","APPROXIMATE","Florida Southern College, 111 Lake Hollingsworth Drive, Lakeland, FL 33801, USA"
"1067","27.8617347","-81.6911559","APPROXIMATE","Polk County, FL, USA"
"1068","27.990317","-81.8898787","APPROXIMATE","Polk State College, USF, 3425 Winter Lake Road, Lakeland, FL 33803, USA"
"1069",NA,NA,NA,NA
"1070",NA,NA,NA,NA
"1071",NA,NA,NA,NA
"1072",NA,NA,NA,NA
"1073",NA,NA,NA,NA
"1074",NA,NA,NA,NA
"1075",NA,NA,NA,NA
"1076","27.899094","-81.845763","APPROXIMATE","Polk County Public Works Department, 330 West Church Street, Bartow, FL 33830, USA"
"1077","27.8617347","-81.6911559","APPROXIMATE","Polk County, FL, USA"
"1078","28.1357039","-81.8336118","GEOMETRIC_CENTER","Pace Road, Polk City, FL 33868, USA"
"1079",NA,NA,NA,NA
"1080","27.8617347","-81.6911559","APPROXIMATE","Polk County, FL, USA"
"1081","28.0181492","-82.013778","APPROXIMATE","Harvest Assembly of God, 2120 Airport Road, Lakeland, FL 33811, USA"
"1082","28.1214399","-81.5958534","APPROXIMATE","Parkview Christian Center, 3520 Baker Dairy Road, Haines City, FL 33844, USA"
"1083","29.6265157","-81.7787021","APPROXIMATE","Putnam County, FL, USA"
"1084","29.6265157","-81.7787021","APPROXIMATE","Putnam County, FL, USA"
"1085","29.6265157","-81.7787021","APPROXIMATE","Putnam County, FL, USA"
"1086",NA,NA,NA,NA
"1087",NA,NA,NA,NA
"1088",NA,NA,NA,NA
"1089",NA,NA,NA,NA
"1090",NA,NA,NA,NA
"1091",NA,NA,NA,NA
"1092",NA,NA,NA,NA
"1093",NA,NA,NA,NA
"1094",NA,NA,NA,NA
"1095",NA,NA,NA,NA
"1096","29.6265157","-81.7787021","APPROXIMATE","Putnam County, FL, USA"
"1097","29.644832","-81.681588","APPROXIMATE","St. Johns River State College, 5001 Saint Johns Avenue, Palatka, FL 32177, USA"
"1098","29.6265157","-81.7787021","APPROXIMATE","Putnam County, FL, USA"
"1099","29.6265157","-81.7787021","APPROXIMATE","Putnam County, FL, USA"
"1100","29.6265157","-81.7787021","APPROXIMATE","Putnam County, FL, USA"
"1101","30.7689907","-86.9824288","APPROXIMATE","Santa Rosa County, FL, USA"
"1102","30.7689907","-86.9824288","APPROXIMATE","Santa Rosa County, FL, USA"
"1103","30.7689907","-86.9824288","APPROXIMATE","Santa Rosa County, FL, USA"
"1104","30.7689907","-86.9824288","APPROXIMATE","Santa Rosa County, FL, USA"
"1105","30.6324149","-87.0396881","APPROXIMATE","Milton, FL, USA"
"1106",NA,NA,NA,NA
"1107",NA,NA,NA,NA
"1108",NA,NA,NA,NA
"1109",NA,NA,NA,NA
"1110",NA,NA,NA,NA
"1111",NA,NA,NA,NA
"1112",NA,NA,NA,NA
"1113",NA,NA,NA,NA
"1114",NA,NA,NA,NA
"1115",NA,NA,NA,NA
"1116","30.40084","-86.865285","APPROXIMATE","Santa Rosa County Visitor Information Center, 8543 Navarre Parkway, Navarre, FL 32566, USA"
"1117","30.7689907","-86.9824288","APPROXIMATE","Santa Rosa County, FL, USA"
"1118","27.2765585","-82.5645257","APPROXIMATE","Siesta Key Chamber of Commerce, 5118 Ocean Boulevard, Sarasota, FL 34242, USA"
"1119","27.1995986","-82.345189","APPROXIMATE","Sarasota County, FL, USA"
"1120","27.0909851","-82.4439322","APPROXIMATE","Venice Area Chamber of Commerce, 597 South Tamiami Trail, Venice, FL 34285, USA"
"1121","27.279419","-82.5316959","APPROXIMATE","School Board of Sarasota County: Elementary Schools, 1960 Landings Boulevard, Sarasota, FL 34231, USA"
"1122","27.384131","-82.42262","APPROXIMATE","A Step Above Child Care, 7323 Merchant Court, Sarasota, FL 34240, USA"
"1123","27.265218","-82.458479","APPROXIMATE","Tidewell Hospice, 5955 Rand Boulevard, Sarasota, FL 34238, USA"
"1124","27.1995986","-82.345189","APPROXIMATE","Sarasota County, FL, USA"
"1125","27.1995986","-82.345189","APPROXIMATE","Sarasota County, FL, USA"
"1126",NA,NA,NA,NA
"1127",NA,NA,NA,NA
"1128",NA,NA,NA,NA
"1129",NA,NA,NA,NA
"1130",NA,NA,NA,NA
"1131",NA,NA,NA,NA
"1132",NA,NA,NA,NA
"1133",NA,NA,NA,NA
"1134",NA,NA,NA,NA
"1135","27.310565","-82.51737","GEOMETRIC_CENTER","Sunnyside Street, Sarasota, FL 34239, USA"
"1136","27.0997775","-82.4542632","APPROXIMATE","Venice, FL, USA"
"1137","27.1995986","-82.345189","APPROXIMATE","Sarasota County, FL, USA"
"1138","27.1995986","-82.345189","APPROXIMATE","Sarasota County, FL, USA"
"1139","27.395444","-82.554389","APPROXIMATE","Sarasota-Bradenton International Airport (SRQ), 6000 Airport Circle, Sarasota, FL 34243, USA"
"1140","27.1995986","-82.345189","APPROXIMATE","Sarasota County, FL, USA"
"1141","27.1995986","-82.345189","APPROXIMATE","Sarasota County, FL, USA"
"1142","27.1995986","-82.345189","APPROXIMATE","Sarasota County, FL, USA"
"1143","27.1995986","-82.345189","APPROXIMATE","Sarasota County, FL, USA"
"1144","27.1995986","-82.345189","APPROXIMATE","Sarasota County, FL, USA"
"1145","28.7131688","-81.2078164","APPROXIMATE","Seminole County, FL, USA"
"1146","28.7131688","-81.2078164","APPROXIMATE","Seminole County, FL, USA"
"1147","28.7131688","-81.2078164","APPROXIMATE","Seminole County, FL, USA"
"1148","28.6619235","-81.3770966","GEOMETRIC_CENTER","Village Green, Altamonte Springs, FL 32701, USA"
"1149","28.7131688","-81.2078164","APPROXIMATE","Seminole County, FL, USA"
"1150","28.7588833","-81.3178446","APPROXIMATE","Lake Mary, FL, USA"
"1151","28.7131688","-81.2078164","APPROXIMATE","Seminole County, FL, USA"
"1152",NA,NA,NA,NA
"1153",NA,NA,NA,NA
"1154",NA,NA,NA,NA
"1155",NA,NA,NA,NA
"1156",NA,NA,NA,NA
"1157",NA,NA,NA,NA
"1158",NA,NA,NA,NA
"1159",NA,NA,NA,NA
"1160",NA,NA,NA,NA
"1161","28.7131688","-81.2078164","APPROXIMATE","Seminole County, FL, USA"
"1162","28.7131688","-81.2078164","APPROXIMATE","Seminole County, FL, USA"
"1163","28.7769555","-81.3537539","APPROXIMATE","Remington College School of Nursing, 660 Century Point #1050, Lake Mary, FL 32746, USA"
"1164","28.7131688","-81.2078164","APPROXIMATE","Seminole County, FL, USA"
"1165","28.7131688","-81.2078164","APPROXIMATE","Seminole County, FL, USA"
"1166","28.792408","-81.2136889","APPROXIMATE","Central Florida Family Health: Octaviani Hector MD, 2400 County Road 415, Sanford, FL 32771, USA"
"1167","28.7131688","-81.2078164","APPROXIMATE","Seminole County, FL, USA"
"1168","28.7131688","-81.2078164","APPROXIMATE","Seminole County, FL, USA"
"1169","43.0464905","-71.0599677","ROOFTOP","D, 276 Calef Highway, Epping, NH 03042, USA"
"1170","29.895833","-81.311667","APPROXIMATE","St. Augustine, FL, USA"
"1171",NA,NA,NA,NA
"1172",NA,NA,NA,NA
"1173",NA,NA,NA,NA
"1174",NA,NA,NA,NA
"1175",NA,NA,NA,NA
"1176","29.9161071","-81.3191297","GEOMETRIC_CENTER","Bay View Drive, St. Augustine, FL 32084, USA"
"1177","29.9719419","-81.4278984","APPROXIMATE","St. Johns County, FL, USA"
"1178","29.9719419","-81.4278984","APPROXIMATE","St. Johns County, FL, USA"
"1179","29.9719419","-81.4278984","APPROXIMATE","St. Johns County, FL, USA"
"1180","29.9719419","-81.4278984","APPROXIMATE","St. Johns County, FL, USA"
"1181","29.9719419","-81.4278984","APPROXIMATE","St. Johns County, FL, USA"
"1182","29.892603","-81.3146695","APPROXIMATE","Flagler College, 74 King Street, St. Augustine, FL 32084, USA"
"1183","29.8637063","-81.317491","APPROXIMATE","Flagler Hospital, 400 Health Park Boulevard, St. Augustine, FL 32086, USA"
"1184","30.0764751","-81.6125902","APPROXIMATE","Cunningham Creek Elementary School, 1205 Roberts Road, Saint Johns, FL 32259, USA"
"1185","29.8909951","-81.3204433","APPROXIMATE","City of St. Augustine: Police Department, St. Augustine, FL 32084, USA"
"1186",NA,NA,NA,NA
"1187",NA,NA,NA,NA
"1188",NA,NA,NA,NA
"1189",NA,NA,NA,NA
"1190",NA,NA,NA,NA
"1191",NA,NA,NA,NA
"1192",NA,NA,NA,NA
"1193",NA,NA,NA,NA
"1194",NA,NA,NA,NA
"1195","27.223327","-80.26275","APPROXIMATE","Publix @ Baker Rd, Stuart, FL 34994, USA"
"1196","27.3225563","-80.543845","APPROXIMATE","St. Lucie County, FL, USA"
"1197","27.299426","-80.305688","APPROXIMATE","Surgical Center-Treasure Coast, 9075 U.S. 1, Port St. Lucie, FL 34952, USA"
"1198","27.2957781","-80.2996437","APPROXIMATE","Florida Orthopaedic Specialists: Sellards Robert A MD, 9077 U.S. 1, Port St. Lucie, FL 34952, USA"
"1199","27.3225563","-80.543845","APPROXIMATE","St. Lucie County, FL, USA"
"1200","27.4232701","-80.3579241","APPROXIMATE","Indian River State College, 3209 Virginia Avenue, Fort Pierce, FL 34981, USA"
"1201","27.3225563","-80.543845","APPROXIMATE","St. Lucie County, FL, USA"
"1202","27.2885079","-80.2940334","APPROXIMATE","St. Lucie Medical Center, 1800 Southeast Tiffany Avenue, Port St. Lucie, FL 34952, USA"
"1203","27.3225563","-80.543845","APPROXIMATE","St. Lucie County, FL, USA"
"1204","27.4374535","-80.3245202","APPROXIMATE","Fort Pierce Police Department, 920 U.S. 1, Fort Pierce, FL 34950, USA"
"1205",NA,NA,NA,NA
"1206",NA,NA,NA,NA
"1207",NA,NA,NA,NA
"1208",NA,NA,NA,NA
"1209",NA,NA,NA,NA
"1210",NA,NA,NA,NA
"1211",NA,NA,NA,NA
"1212",NA,NA,NA,NA
"1213",NA,NA,NA,NA
"1214","30.2949457","-82.98402","APPROXIMATE","Live Oak, FL, USA"
"1215","30.2485096","-82.9931607","APPROXIMATE","Suwannee County, FL, USA"
"1216","30.2485096","-82.9931607","APPROXIMATE","Suwannee County, FL, USA"
"1217","29.2952809","-83.1618586","APPROXIMATE","Suwannee River, Florida, USA"
"1218","30.2485096","-82.9931607","APPROXIMATE","Suwannee County, FL, USA"
"1219","30.2485096","-82.9931607","APPROXIMATE","Suwannee County, FL, USA"
"1220","30.2485096","-82.9931607","APPROXIMATE","Suwannee County, FL, USA"
"1221","30.2485096","-82.9931607","APPROXIMATE","Suwannee County, FL, USA"
"1222","30.2485096","-82.9931607","APPROXIMATE","Suwannee County, FL, USA"
"1223",NA,NA,NA,NA
"1224","30.2485096","-82.9931607","APPROXIMATE","Suwannee County, FL, USA"
"1225","30.2571662","-83.2375002","APPROXIMATE","Advent Christian Village Inc: Dacier Manor, 10676 Marvin Jones Boulevard, Dowling Park, FL 32064, USA"
"1226","30.2912047","-83.0034038","APPROXIMATE","Shands Live Oak Regional Medical Center, 1100 11th Street Southwest, Live Oak, FL 32064, USA"
"1227","30.2485096","-82.9931607","APPROXIMATE","Suwannee County, FL, USA"
"1228","30.120155","-83.581766","APPROXIMATE","Taylor County Chamber of Commerce, 428 North Jefferson Street, Perry, FL 32347, USA"
"1229","30.0993767","-83.6773928","APPROXIMATE","Taylor County, FL, USA"
"1230","30.1174351","-83.5818147","APPROXIMATE","Perry, FL, USA"
"1231","30.0993767","-83.6773928","APPROXIMATE","Taylor County, FL, USA"
"1232",NA,NA,NA,NA
"1233",NA,NA,NA,NA
"1234",NA,NA,NA,NA
"1235",NA,NA,NA,NA
"1236",NA,NA,NA,NA
"1237",NA,NA,NA,NA
"1238",NA,NA,NA,NA
"1239",NA,NA,NA,NA
"1240",NA,NA,NA,NA
"1241","30.0993767","-83.6773928","APPROXIMATE","Taylor County, FL, USA"
"1242","30.1174351","-83.5818147","APPROXIMATE","Perry, FL, USA"
"1243","30.0993767","-83.6773928","APPROXIMATE","Taylor County, FL, USA"
"1244","30.0993767","-83.6773928","APPROXIMATE","Taylor County, FL, USA"
"1245","30.0993767","-83.6773928","APPROXIMATE","Taylor County, FL, USA"
"1246","30.0993767","-83.6773928","APPROXIMATE","Taylor County, FL, USA"
"1247","30.0745112","-82.345189","APPROXIMATE","Union County, FL, USA"
"1248","30.0257102","-82.3515794","GEOMETRIC_CENTER","County Road, Lake Butler, FL 32054, USA"
"1249","30.0227391","-82.3395574","APPROXIMATE","Lake Butler, FL 32054, USA"
"1250","30.0745112","-82.345189","APPROXIMATE","Union County, FL, USA"
"1251",NA,NA,NA,NA
"1252",NA,NA,NA,NA
"1253",NA,NA,NA,NA
"1254",NA,NA,NA,NA
"1255",NA,NA,NA,NA
"1256",NA,NA,NA,NA
"1257",NA,NA,NA,NA
"1258",NA,NA,NA,NA
"1259",NA,NA,NA,NA
"1260",NA,NA,NA,NA
"1261","29.1658158","-81.0044995","APPROXIMATE","South Daytona, FL, USA"
"1262","29.0279842","-81.0754657","APPROXIMATE","Volusia County, FL, USA"
"1263","29.0279842","-81.0754657","APPROXIMATE","Volusia County, FL, USA"
"1264","29.1719238","-81.0071322","GEOMETRIC_CENTER","Florida East Coast Railway, Florida, USA"
"1265","29.1224924","-81.3482984","GEOMETRIC_CENTER","Baxter Street, De Leon Springs, FL 32130, USA"
"1266","29.0279842","-81.0754657","APPROXIMATE","Volusia County, FL, USA"
"1267","29.0279842","-81.0754657","APPROXIMATE","Volusia County, FL, USA"
"1268","29.0279842","-81.0754657","APPROXIMATE","Volusia County, FL, USA"
"1269","29.0279842","-81.0754657","APPROXIMATE","Volusia County, FL, USA"
"1270","29.0279842","-81.0754657","APPROXIMATE","Volusia County, FL, USA"
"1271",NA,NA,NA,NA
"1272",NA,NA,NA,NA
"1273",NA,NA,NA,NA
"1274",NA,NA,NA,NA
"1275",NA,NA,NA,NA
"1276",NA,NA,NA,NA
"1277",NA,NA,NA,NA
"1278",NA,NA,NA,NA
"1279",NA,NA,NA,NA
"1280","29.0279842","-81.0754657","APPROXIMATE","Volusia County, FL, USA"
"1281","29.0279842","-81.0754657","APPROXIMATE","Volusia County, FL, USA"
"1282","29.0279842","-81.0754657","APPROXIMATE","Volusia County, FL, USA"
"1283","29.0279842","-81.0754657","APPROXIMATE","Volusia County, FL, USA"
"1284","29.0279842","-81.0754657","APPROXIMATE","Volusia County, FL, USA"
"1285","28.978985","-80.8989693","GEOMETRIC_CENTER","East Thomas Street, Edgewater, FL 32132, USA"
"1286","30.1301689","-84.3542049","APPROXIMATE","Wakulla County, FL, USA"
"1287","30.1301689","-84.3542049","APPROXIMATE","Wakulla County, FL, USA"
"1288","30.195599","-84.377642","APPROXIMATE","Wakulla County Sheriff's Department, Apalachicola National Forest, 15 Oak Street, Crawfordville, FL 32327, USA"
"1289","30.1301689","-84.3542049","APPROXIMATE","Wakulla County, FL, USA"
"1290",NA,NA,NA,NA
"1291",NA,NA,NA,NA
"1292",NA,NA,NA,NA
"1293",NA,NA,NA,NA
"1294",NA,NA,NA,NA
"1295",NA,NA,NA,NA
"1296",NA,NA,NA,NA
"1297",NA,NA,NA,NA
"1298",NA,NA,NA,NA
"1299",NA,NA,NA,NA
"1300",NA,NA,NA,NA
"1301","30.5640199","-86.1751759","APPROXIMATE","Walton County, FL, USA"
"1302","30.7210227","-86.1152184","APPROXIMATE","DeFuniak Springs, FL, USA"
"1303","30.5640199","-86.1751759","APPROXIMATE","Walton County, FL, USA"
"1304","30.5640199","-86.1751759","APPROXIMATE","Walton County, FL, USA"
"1305","30.5640199","-86.1751759","APPROXIMATE","Walton County, FL, USA"
"1306","30.5640199","-86.1751759","APPROXIMATE","Walton County, FL, USA"
"1307","30.7210226","-86.0985512","APPROXIMATE","Walton County School District, DeFuniak Springs, FL 32435"
"1308","30.7215284","-86.1147344","APPROXIMATE","De Funiak Springs Police Department, 355 E Nelson Ave, DeFuniak Springs, FL 32433, USA"
"1309","30.5640199","-86.1751759","APPROXIMATE","Walton County, FL, USA"
"1310","30.5640199","-86.1751759","APPROXIMATE","Walton County, FL, USA"
"1311",NA,NA,NA,NA
"1312",NA,NA,NA,NA
"1313",NA,NA,NA,NA
"1314",NA,NA,NA,NA
"1315",NA,NA,NA,NA
"1316",NA,NA,NA,NA
"1317",NA,NA,NA,NA
"1318",NA,NA,NA,NA
"1319",NA,NA,NA,NA
"1320",NA,NA,NA,NA
"1321","30.548737","-85.684578","APPROXIMATE","Washington County, FL, USA"
"1322","30.548737","-85.684578","APPROXIMATE","Washington County, FL, USA"
"1323","30.548737","-85.684578","APPROXIMATE","Washington County, FL, USA"
"1324",NA,NA,NA,NA
"1325","30.548737","-85.684578","APPROXIMATE","Washington County, FL, USA"
"1326","30.548737","-85.684578","APPROXIMATE","Washington County, FL, USA"
"1327","30.548737","-85.684578","APPROXIMATE","Washington County, FL, USA"
"1328","30.548737","-85.684578","APPROXIMATE","Washington County, FL, USA"
"1329","30.548737","-85.684578","APPROXIMATE","Washington County, FL, USA"
"1330","30.548737","-85.684578","APPROXIMATE","Washington County, FL, USA"
"1331",NA,NA,NA,NA
"1332",NA,NA,NA,NA
"1333",NA,NA,NA,NA
"1334",NA,NA,NA,NA
"1335",NA,NA,NA,NA
"1336",NA,NA,NA,NA
"1337",NA,NA,NA,NA
"1338",NA,NA,NA,NA
"1339",NA,NA,NA,NA
